Common Name,Scientific Name,English Common Name,Category,Da Shue Shan,Endemic,Race
灰雁(馴化),Anser anser (Domestic type),,domestic,,,
鴻雁(馴化),Anser cygnoides (Domestic type),,domestic,,,
家鵝(馴化),Anser sp. (Domestic type),,domestic,,,
疣鼻棲鴨(薑母鴨)(野化),Cairina moschata (Established Feral),,domestic,,,
疣鼻棲鴨(薑母鴨)(馴化),Cairina moschata (Domestic type),,domestic,,,
綠頭鴨(馴化),Anas platyrhynchos (Domestic type),,domestic,,,
普通珠雞(馴化),Numida meleagris (Domestic type),,domestic,,,
火雞(馴化),Meleagris gallopavo (Domestic type),,domestic,,,
藍孔雀(馴化),Pavo cristatus (Domestic type),,domestic,,,
野鴿(野化),Columba livia (Feral Pigeon),,domestic,,,
雞尾鸚鵡(馴化),Nymphicus hollandicus (Domestic type),,domestic,,,
虎皮鸚鵡(馴化),Melopsittacus undulatus (Domestic type),,domestic,,,
中杓鷸(白腰群),Numenius phaeopus phaeopus/alboaxillaris/variegatus,,form,,,
小黑背鷗(taimyrensis),Larus fuscus taimyrensis,,form,,,
白喉林鶯(curruca/blythi/halimodendri),Curruca curruca curruca/blythi/halimodendri,,form,,,
白喉林鶯(curruca/minula),Curruca curruca curruca/minula,,form,,,
白喉林鶯(minula/margelanica),Curruca curruca minula/margelanica,,form,,,
白喉林鶯(curruca /althaea),Curruca curruca curruca/althaea,,form,,,
白喉林鶯(curruca/minula/althaea),Curruca curruca curruca/minula/althaea,,form,,,
西方黃鶺鴒(lutea/flavissima),Motacilla flava lutea/flavissima,,form,,,
西方黃鶺鴒(flava/beema),Motacilla flava flava/beema,,form,,,
灰x鴻雁(馴化)(雜交),Anser anser x cygnoides (Domestic type),,hybrid,,,
家鵝x加拿大雁(雜交),Anser sp. (Domestic type) x Branta canadensis,,hybrid,,,
琵嘴x赤膀鴨(雜交),Spatula clypeata x Mareca strepera,,hybrid,,,
赤膀x赤頸鴨(雜交),Mareca strepera x penelope,,hybrid,,,
赤頸x葡萄胸鴨(雜交),Mareca penelope x americana,,hybrid,,,
疣鼻棲x綠頭鴨(雜交),Cairina moschata x Anas platyrhynchos,,hybrid,,,
琵嘴x綠頭鴨(雜交),Spatula clypeata x Anas platyrhynchos,,hybrid,,,
赤膀x綠頭鴨(雜交),Mareca strepera x Anas platyrhynchos,,hybrid,,,
赤頸x綠頭鴨(雜交),Mareca penelope x Anas platyrhynchos,,hybrid,,,
綠頭x花嘴鴨(雜交),Anas platyrhynchos x zonorhyncha,,hybrid,,,
巴x尖尾鴨(雜交),Sibirionetta formosa x Anas acuta,,hybrid,,,
綠頭x尖尾鴨(雜交),Anas platyrhynchos x acuta,,hybrid,,,
赤膀x小水鴨(雜交),Mareca strepera x Anas crecca,,hybrid,,,
綠頭x小水鴨(雜交),Anas platyrhynchos x crecca,,hybrid,,,
尖尾x小水鴨(雜交),Anas acuta x crecca,,hybrid,,,
白眼x青頭潛鴨(雜交),Aythya nyroca x baeri,,hybrid,,,
紅頭x鳳頭潛鴨(雜交),Aythya ferina x fuligula,,hybrid,,,
白眼x鳳頭潛鴨(雜交),Aythya nyroca x fuligula,,hybrid,,,
鳳頭x斑背潛鴨(雜交),Aythya fuligula x marila,,hybrid,,,
川x紅胸秋沙(雜交),Mergus merganser x serrator,,hybrid,,,
沙丘x灰鶴(雜交),Antigone canadensis x Grus grus,,hybrid,,,
灰x白頭鶴(雜交),Grus grus x monacha,,hybrid,,,
銀鷗 x小黑背鷗(雜交),Larus argentatus x fuscus,,hybrid,,,
銀鷗x灰背鷗(雜交),Larus argentatus x schistisagus,,hybrid,,,
銀x北極鷗(雜交),Larus argentatus x hyperboreus,,hybrid,,,
灰背x北極鷗(雜交),Larus schistisagus x hyperboreus,,hybrid,,,
紅x燕鷗(雜交),Sterna dougallii x hirundo,,hybrid,,,
鳳頭燕鷗x黑嘴端鳳頭燕鷗(雜交),Thalasseus bergii x bernsteini,,hybrid,,,
黑背x黑腳信天翁(雜交),Phoebastria immutabilis x nigripes,,hybrid,,,
藍臉x白腹鰹鳥(雜交),Sula dactylatra x leucogaster,,hybrid,,,
白x黑面琵鷺(雜交),Platalea leucorodia x minor,,hybrid,,,
虎紋x紅尾伯勞(雜交),Lanius tigrinus x cristatus,,hybrid,,,
灰沙燕x家燕(雜交),Riparia riparia x Hirundo rustica,,hybrid,,,
家燕x金腰燕(雜交),Hirundo rustica x Cecropis daurica,,hybrid,,,
雜頭翁,Pycnonotus taivanus x sinensis,,hybrid,,,
台灣x大陸畫眉(雜交),Garrulax canorus x taewanus,,hybrid,,,
黑頸x赤頸鶇(雜交),Turdus atrogularis x ruficollis,,hybrid,,,
斑點x紅尾鶇(雜交),Turdus eunomus x naumanni,,hybrid,,,
西方黃鶺鴒x黃頭鶺鴒(雜交),Motacilla flava x citreola,,hybrid,,,
黑頭x褐頭鵐(雜交),Emberiza melanocephala x bruniceps,,hybrid,,,
小水鴨(crecca x carolinensis),Anas crecca crecca x carolinensis,,intergrade,,,
燕鷗(hirundo/tibetana x longipennis),Sterna hirundo hirundo/tibetana x longipennis,,intergrade,,,
藍磯鶇(藍腹x栗腹),Monticola solitarius pandoo x philippensis,,intergrade,,,
灰雁(rubrirostris),Anser anser rubrirostris,,issf,,,
白額雁(albifrons),Anser albifrons albifrons,,issf,,,
黑雁(黑腹),Branta bernicla nigricans,,issf,,,
小天鵝(東亞),Cygnus columbianus bewickii,,issf,,,
赤膀鴨(strepera),Mareca strepera strepera,,issf,,,
小水鴨(crecca),Anas crecca crecca,,issf,,,
小水鴨(carolinensis),Anas crecca carolinensis,,issf,,,
川秋沙(merganser/orientalis),Mergus merganser merganser/orientalis,,issf,,,
環頸雉(colchicus群),Phasianus colchicus [colchicus Group],,issf,,,
環頸雉(versicolor群),Phasianus colchicus [versicolor Group],,issf,,,
小鸊鷉(ruficollis群),Tachybaptus ruficollis [ruficollis Group],,issf,,,
灰斑鳩(decaocto),Streptopelia decaocto decaocto,,issf,,,
灰斑鳩(xanthocycla),Streptopelia decaocto xanthocycla,,issf,,,
珠頸斑鳩(chinensis/tigrina),Streptopelia chinensis chinensis/tigrina,,issf,,,
紅頭綠鳩(permagnus/medioximus),Treron formosae permagnus/medioximus,,issf,,,
紅頭綠鳩(formosae/filipinus),Treron formosae formosae/filipinus,,issf,,,
褐翅鴉鵑(sinensis群),Centropus sinensis [sinensis Group],,issf,,,
短嘴金絲燕(brevirostris/innominatus),Aerodramus brevirostris brevirostris/innominatus,,issf,,,
短嘴金絲燕(rogersi),Aerodramus brevirostris rogersi,,issf,,,
小秧雞(東方),Zapornia pusilla pusilla,,issf,,,
蠣鴴(osculans),Haematopus ostralegus osculans,,issf,,,
蒙古鴴(atrifrons群),Charadrius mongolus [atrifrons Group],,issf,,,
蒙古鴴(mongolus/stegmanni),Charadrius mongolus mongolus/stegmanni,,issf,,,
東方環頸鴴(alexandrinus/nihonensis),Charadrius alexandrinus alexandrinus/nihonensis,,issf,,,
東方環頸鴴(seebhomi),Charadrius alexandrinus seebohmi,,issf,,,
小環頸鴴(curonicus),Charadrius dubius curonicus,,issf,,,
小環頸鴴(dubius/jerdoni),Charadrius dubius dubius/jerdoni,,issf,,,
中杓鷸(variegatus),Numenius phaeopus variegatus/rogachevae,,issf,,,
中杓鷸 (Hudsonian),Numenius phaeopus hudsonicus,,issf,,,
斑尾鷸(baueri/menzbieri),Limosa lapponica baueri/menzbieri,,issf,,,
黑尾鷸(melanuroides),Limosa limosa melanuroides,,issf,,,
黑腹濱鷸(pacifica/arcticola),Calidris alpina pacifica/arcticola,,issf,,,
黑腹濱鷸(sakhalina群),Calidris alpina [sakhalina Group],,issf,,,
三趾鷗(pollicaris),Rissa tridactyla pollicaris,,issf,,,
紐澳紅嘴鷗(novaehollandiae/forsteri),Chroicocephalus novaehollandiae novaehollandiae/forsteri,,issf,,,
紐澳紅嘴鷗(scopulinus),Chroicocephalus novaehollandiae scopulinus,,issf,,,
海鷗(canus),Larus canus canus,,issf,,,
海鷗(heinei),Larus canus heinei,,issf,,,
海鷗(kamtschatschensis),Larus canus kamtschatschensis,,issf,,,
織女銀鷗,Larus argentatus vegae,,issf,,,
蒙古銀鷗,Larus argentatus mongolicus,,issf,,,
小黑背鷗(heuglini),Larus fuscus heuglini,,issf,,,
黑玄燕鷗(americanus),Anous minutus americanus,,issf,,,
黑玄燕鷗(melanogenys),Anous minutus melanogenys,,issf,,,
黑玄燕鷗(minutus群),Anous minutus [minutus Group],,issf,,,
鷗嘴燕鷗(nilotica群),Gelochelidon nilotica [nilotica Group],,issf,,,
黑浮鷗(niger),Chlidonias niger niger,,issf,,,
燕鷗(hirundo/tibetana),Sterna hirundo hirundo/tibetana,,issf,,,
燕鷗(longipennis),Sterna hirundo longipennis,,issf,,,
白嘴端燕鷗(sandvicensis),Thalasseus sandvicensis sandvicensis,,issf,,,
白尾熱帶鳥(dorotheae),Phaethon lepturus dorotheae,,issf,,,
白腰叉尾海燕(leucorhoa),Hydrobates leucorhous leucorhous,,issf,,,
暴風?(rodgersii),Fulmarus glacialis rodgersii,,issf,,,
白斑軍艦鳥(ariel/iredalei),Fregata ariel ariel/iredalei,,issf,,,
白腹鰹鳥(brewsteri),Sula leucogaster brewsteri,,issf,,,
白腹鰹鳥(plotus),Sula leucogaster plotus,,issf,,,
紅腳鰹鳥(rubripes),Sula sula rubripes,,issf,,,
鸕鷀(sinensis/hanedae),Phalacrocorax carbo sinensis/hanedae,,issf,,,
蒼鷺(cinerea/jouyi),Ardea cinerea cinerea/jouyi,,issf,,,
紫鷺(purpurea群),Ardea purpurea [purpurea Group],,issf,,,
大白鷺(alba),Ardea alba alba,,issf,,,
大白鷺(modesta),Ardea alba modesta,,issf,,,
中白鷺(intermedia),Ardea intermedia intermedia,,issf,,,
小白鷺(garzetta),Egretta garzetta garzetta,,issf,,,
黃頭鷺(coromandus),Bubulcus ibis coromandus,,issf,,,
綠簑鷺(atricapilla群),Butorides striata [atricapilla Group],,issf,,,
夜鷺(nycticorax),Nycticorax nycticorax nycticorax,,issf,,,
魚鷹(haliaetus),Pandion haliaetus haliaetus,,issf,,,
黑翅鳶(vociferus群),Elanus caeruleus [vociferus Group],,issf,,,
東方蜂鷹(orientalis),Pernis ptilorhynchus orientalis,,issf,,,
大冠鷲(cheela群),Spilornis cheela [cheela Group],,issf,,,
褐耳鷹(badius群),Accipiter badius [badius Group],,issf,,,
蒼鷹(gentilis群),Accipiter gentilis [gentilis Group],,issf,,,
黑鳶(黑耳),Milvus migrans lineatus/formosanus,,issf,,,
歐亞鵟(vulpinus),Buteo buteo vulpinus/menetriesi,,issf,,,
東方角鴞(sunia群),Otus sunia [sunia Group],,issf,,,
縱紋腹小鴞(noctua群),Athene noctua [noctua Group],,issf,,,
褐林鴞(indranee群),Strix leptogrammica [indranee Group],,issf,,,
長耳鴞(otus/canariensis),Asio otus otus/canariensis,,issf,,,
短耳鴞(flammeus),Asio flammeus flammeus,,issf,,,
戴勝(epops群),Upupa epops [epops Group],,issf,,,
翠鳥(atthis群),Alcedo atthis [atthis Group],,issf,,,
白領翡翠(chloris群),Todiramphus chloris [chloris Group],,issf,,,
大赤啄木(leucotos群),Dendrocopos leucotos [leucotos Group],,issf,,,
綠啄木(guerini群),Picus canus [guerini Group],,issf,,,
紅隼(tinnunculus群),Falco tinnunculus [tinnunculus Group],,issf,,,
灰背隼(aesalon群),Falco columbarius [aesalon Group],,issf,,,
遊隼(calidus/tundrius),Falco peregrinus calidus/tundrius,,issf,,,
遊隼(peregrinus群),Falco peregrinus [peregrinus Group],,issf,,,
遊隼(peregrinator),Falco peregrinus peregrinator,,issf,,,
遊隼(ernesti/nesiotes),Falco peregrinus ernesti/nesiotes,,issf,,,
綠胸八色鳥(sordida/palawanensis),Pitta sordida sordida/palawanensis,,issf,,,
灰喉山椒鳥(solaris群),Pericrocotus solaris [solaris Group],,issf,,,
赤紅山椒鳥(speciosus群),Pericrocotus speciosus [speciosus Group],,issf,,,
赤紅山椒鳥(leytensis/novus),Pericrocotus speciosus leytensis/novus,,issf,,,
赤紅山椒鳥(marchesae群),Pericrocotus speciosus [marchesae Group],,issf,,,
赤紅山椒鳥(exul/siebersi),Pericrocotus speciosus exul/siebersi,,issf,,,
花翅山椒鳥(nipalensis群),Coracina macei [nipalensis Group],,issf,,,
黃鸝(diffusus),Oriolus chinensis diffusus,,issf,,,
灰卷尾(白臉),Dicrurus leucophaeus [innexus Group],,issf,,,
髮冠卷尾(hottentottus/brevirostris),Dicrurus hottentottus hottentottus/brevirostris,,issf,,,
荒漠伯勞(isabellinus),Lanius isabellinus isabellinus,,issf,,,
荒漠伯勞(arenarius/tsaidamensis),Lanius isabellinus arenarius/tsaidamensis,,issf,,,
紅尾伯勞(cristatus/confusus),Lanius cristatus cristatus/confusus,,issf,,,
紅尾伯勞(日本),Lanius cristatus superciliosus,,issf,,,
紅尾伯勞(灰頭),Lanius cristatus lucionensis,,issf,,,
棕背伯勞(schach),Lanius schach schach,,issf,,,
西方灰伯勞(Steppe),Lanius excubitor pallidirostris,,issf,,,
松鴉(bispecularis群),Garrulus glandarius [bispecularis Group],,issf,,,
西方喜鵲(pica群),Pica pica [pica Group],,issf,,,
星鴉(hemispila群),Nucifraga caryocatactes [hemispila Group],,issf,,,
小嘴烏鴉(corone),Corvus corone corone,,issf,,,
小嘴烏鴉(orientalis),Corvus corone orientalis,,issf,,,
巨嘴鴉(macrorhynchos群),Corvus macrorhynchos [macrorhynchos Group],,issf,,,
煤山雀(ptilosus/kuatunensis),Periparus ater ptilosus/kuatunensis,,issf,,,
歐亞雲雀(arvensis群),Alauda arvensis [arvensis Group],,issf,,,
歐亞雲雀(pekinensis群),Alauda arvensis [pekinensis Group],,issf,,,
歐亞雲雀(japonica/intermedia),Alauda arvensis japonica/intermedia,,issf,,,
灰頭鷦鶯(sonitans),Prinia flaviventris sonitans,,issf,,,
棕扇尾鶯(juncidis群),Cisticola juncidis [juncidis Group],,issf,,,
棕扇尾鶯(tinnabulans群),Cisticola juncidis [tinnabulans Group],,issf,,,
棕扇尾鶯(brunniceps),Cisticola juncidis brunniceps,,issf,,,
家燕(tytleri),Hirundo rustica tytleri,,issf,,,
家燕(gutturalis/mandschurica),Hirundo rustica gutturalis/mandschurica,,issf,,,
金腰燕(daurica群),Cecropis daurica [daurica Group],,issf,,,
白腹毛腳燕(lagopodum),Delichon urbicum lagopodum,,issf,,,
白頭翁(中國),Pycnonotus sinensis sinensis,,issf,,,
白頭翁(海南),Pycnonotus sinensis hainanus,,issf,,,
白頭翁(formosae/orii),Pycnonotus sinensis formosae/orii,,issf,,,
紅嘴黑鵯(白頭),Hypsipetes leucocephalus [leucocephalus Group],,issf,,,
紅嘴黑鵯(台灣),Hypsipetes leucocephalus nigerrimus,,issf,,,
嘰喳柳鶯(tristis),Phylloscopus collybita tristis,,issf,,,
小鶯(台灣),Horornis fortipes robustipes,,issf,,,
紅頭山雀(concinnus群),Aegithalos concinnus [concinnus Group],,issf,,,
白喉林鶯(curruca/blythi),Curruca curruca curruca/blythi,,issf,,,
白喉林鶯(halimodendri),Curruca curruca halimodendri,,issf,,,
白喉林鶯(minula),Curruca curruca minula,,issf,,,
白喉林鶯(margelanica),Curruca curruca margelanica,,issf,,,
白喉林鶯(althaea),Curruca curruca althaea,,issf,,,
戴菊鳥(Asian),Regulus regulus [himalayensis Group],,issf,,,
茶腹鳾(sinensis/formosana),Sitta europaea sinensis/formosana,,issf,,,
鷦鷯(troglodytes群),Troglodytes troglodytes [troglodytes Group],,issf,,,
虎斑地鶇(指名亞種/小虎鶇),Zoothera dauma dauma,,issf,,,
橙頭地鶇(aurimacula群),Geokichla citrina [aurimacula Group],,issf,,,
斑鶲(striata群),Muscicapa striata [striata Group],,issf,,,
黃腹琉璃(台灣),Niltava vivida vivida,,issf,,,
日本歌鴝(akahige/rishirensis),Larvivora akahige akahige/rishirensis,,issf,,,
琉球歌鴝(komadori/subrufus),Larvivora komadori komadori/subrufus,,issf,,,
琉球歌鴝(namiyei),Larvivora komadori namiyei,,issf,,,
藍喉鴝(svecica群),Luscinia svecica [svecica Group],,issf,,,
白斑紫嘯鶇(黑嘴),Myophonus caeruleus caeruleus,,issf,,,
白斑紫嘯鶇(黃嘴),Myophonus caeruleus [flavirostris Group],,issf,,,
白尾鴝(leucura/montium),Myiomela leucura leucura/montium,,issf,,,
赭紅尾鴝(亞洲),Phoenicurus ochruros [ochruros Group],,issf,,,
藍磯鶇(solitarius/longirostris),Monticola solitarius solitarius/longirostris,,issf,,,
藍磯鶇(藍腹),Monticola solitarius pandoo,,issf,,,
藍磯鶇(栗腹),Monticola solitarius philippensis,,issf,,,
穗?(oenanthe/libanotica),Oenanthe oenanthe oenanthe/libanotica,,issf,,,
紅胸啄花(ignipectus群),Dicaeum ignipectus [ignipectus Group],,issf,,,
叉尾太陽鳥(latouchii/sokolovi),Aethopyga christinae latouchii/sokolovi,,issf,,,
斑文鳥(nisoria群),Lonchura punctulata [nisoria Group],,issf,,,
黑頭文鳥(formosana),Lonchura atricapilla formosana,,issf,,,
西方黃鶺鴒(lutea),Motacilla flava lutea,,issf,,,
西方黃鶺鴒(灰頭),Motacilla flava thunbergi,,issf,,,
東方黃鶺鴒(白眉),Motacilla tschutschensis tschutschensis/plexa,,issf,,,
東方黃鶺鴒(黃眉),Motacilla tschutschensis taivana,,issf,,,
東方黃鶺鴒(藍頭),Motacilla tschutschensis macronyx,,issf,,,
黃頭鶺鴒(citreola/werae),Motacilla citreola citreola/werae,,issf,,,
白鶺鴒(指名亞種群),Motacilla alba alba/dukhunensis,,issf,,,
白鶺鴒(灰背眼紋),Motacilla alba ocularis,,issf,,,
白鶺鴒(黑臉),Motacilla alba personata,,issf,,,
白鶺鴒(貝加爾),Motacilla alba baicalensis,,issf,,,
白鶺鴒(黑背眼紋),Motacilla alba lugens,,issf,,,
白鶺鴒(白面),Motacilla alba leucopsis,,issf,,,
白背鷚(gustavi/stejnegeri),Anthus gustavi gustavi/stejnegeri,,issf,,,
白背鷚(menzbieri),Anthus gustavi menzbieri,,issf,,,
水鷚(blakistoni),Anthus spinoletta blakistoni,,issf,,,
黃腹鷚(japonicus),Anthus rubescens japonicus,,issf,,,
褐鷽(nipalensis群),Pyrrhula nipalensis [nipalensis Group],,issf,,,
歐亞鷽(pyrrhula群),Pyrrhula pyrrhula [pyrrhula Group],,issf,,,
歐亞鷽(griseiventris群),Pyrrhula pyrrhula [griseiventris Group],,issf,,,
普通朱頂雀(flammea),Acanthis flammea flammea,,issf,,,
紅交嘴雀(himalayensis),Loxia curvirostra himalayensis,,issf,,,
紅交嘴雀(japonica),Loxia curvirostra japonica,,issf,,,
黑臉鵐(spodocephala/sordida),Emberiza spodocephala spodocephala/sordida,,issf,,,
黑臉鵐(personata),Emberiza spodocephala personata,,issf,,,
白額/小白額雁,Anser albifrons/erythropus,,slash,,,
寒林/凍原豆雁,Anser fabalis/serrirostris,,slash,,,
小/加拿大雁,Branta hutchinsii/canadensis,,slash,,,
小/黃嘴天鵝,Cygnus columbianus/cygnus,,slash,,,
赤頸/葡萄胸鴨,Mareca penelope/americana,,slash,,,
印度/花嘴鴨,Anas poecilorhyncha/zonorhyncha,,slash,,,
白眉/小水鴨,Spatula querquedula/Anas crecca,,slash,,,
白眼/青頭潛鴨,Aythya nyroca/baeri,,slash,,,
斑背/小斑背潛鴨,Aythya marila/affinis,,slash,,,
川/紅胸秋沙,Mergus merganser/serrator,,slash,,,
美洲?鸛/大?鸛,Phoenicopterus ruber/roseus,,slash,,,
角/黑頸鸊鷉,Podiceps auritus/nigricollis,,slash,,,
灰斑鳩/紅鳩,Streptopelia decaocto/tranquebarica,,slash,,,
烏/方尾烏鵑,Surniculus dicruroides/lugubris,,slash,,,
小/四聲杜鵑,Cuculus poliocephalus/micropterus,,slash,,,
小/北方中杜鵑,Cuculus poliocephalus/optatus,,slash,,,
喜馬拉雅/北方中杜鵑,Cuculus saturatus/optatus,,slash,,,
大/北方中杜鵑,Cuculus canorus/optatus,,slash,,,
叉尾/庫克氏雨燕,Apus pacificus/cooki,,slash,,,
西方/東亞秧雞,Rallus aquaticus/indicus,,slash,,,
美洲/太平洋金斑鴴,Pluvialis dominica/fulva,,slash,,,
蒙古/鐵嘴鴴,Charadrius mongolus/leschenaultii,,slash,,,
東方環頸鴴/白臉鴴,Charadrius alexandrinus/dealbatus,,slash,,,
環頸鴴/小環頸鴴,Charadrius hiaticula/dubius,,slash,,,
中/大杓鷸,Numenius phaeopus/arquata,,slash,,,
黦鷸/大杓鷸,Numenius madagascariensis/arquata,,slash,,,
斑尾/黑尾鷸,Limosa lapponica/limosa,,slash,,,
大/紅腹濱鷸,Calidris tenuirostris/canutus,,slash,,,
彎嘴/黑腹濱鷸,Calidris ferruginea/alpina,,slash,,,
紅胸/小濱鷸,Calidris ruficollis/minuta,,slash,,,
尖尾/美洲尖尾濱鷸,Calidris acuminata/melanotos,,slash,,,
田/針尾鷸,Gallinago gallinago/stenura,,slash,,,
針尾鷸/中地鷸,Gallinago stenura/megala,,slash,,,
紅領/灰瓣足鷸,Phalaropus lobatus/fulicarius,,slash,,,
黃足鷸/美洲黃足鷸,Tringa brevipes/incana,,slash,,,
青足鷸/諾氏鷸,Tringa nebularia/guttifer,,slash,,,
鶴鷸/赤足鷸,Tringa erythropus/totanus,,slash,,,
中/短尾賊鷗,Stercorarius pomarinus/parasiticus,,slash,,,
中/長尾賊鷗,Stercorarius pomarinus/longicaudus,,slash,,,
短尾/長尾賊鷗,Stercorarius parasiticus/longicaudus,,slash,,,
細嘴鷗/紅嘴鷗,Chroicocephalus genei/ridibundus,,slash,,,
紅嘴鷗/棕頭鷗,Chroicocephalus ridibundus/brunnicephalus,,slash,,,
笑鷗/弗氏鷗,Leucophaeus atricilla/pipixcan,,slash,,,
銀鷗/黃腳銀鷗,Larus argentatus/michahellis,,slash,,,
黃腳/裏海銀鷗,Larus michahellis/cachinnans,,slash,,,
銀鷗/小黑背鷗,Larus argentatus/fuscus,,slash,,,
黃腳/小黑背鷗,Larus michahellis/fuscus,,slash,,,
玄/黑玄燕鷗,Anous stolidus/minutus,,slash,,,
烏領/白眉燕鷗,Onychoprion fuscatus/anaethetus,,slash,,,
紅嘴/紅尾熱帶鳥,Phaethon aethereus/rubricauda,,slash,,,
黑喉/太平洋潛鳥,Gavia arctica/pacifica,,slash,,,
灰/短尾水薙鳥,Ardenna grisea/tenuirostris,,slash,,,
鸕鷀/丹氏鸕鷀,Phalacrocorax carbo/capillatus,,slash,,,
秋/栗小鷺,Ixobrychus eurhythmus/cinnamomeus,,slash,,,
蒼/紫鷺,Ardea cinerea/purpurea,,slash,,,
大/中白鷺,Ardea alba/intermedia,,slash,,,
中白/黃頭鷺,Ardea intermedia/Bubulcus ibis,,slash,,,
夜鷺/棕夜鷺,Nycticorax nycticorax/caledonicus,,slash,,,
麻鷺/黑冠麻鷺,Gorsachius goisagi/melanolophus,,slash,,,
埃及/馬島聖䴉,Threskiornis aethiopicus/bernieri,,slash,,,
西方/東方澤鵟,Circus aeruginosus/spilonotus,,slash,,,
東方/巴布亞澤鵟,Circus spilonotus/spilothorax,,slash,,,
日本松雀鷹/松雀鷹,Accipiter gularis/virgatus,,slash,,,
鳳頭蒼鷹/松雀鷹,Accipiter trivirgatus/virgatus,,slash,,,
歐亞/喜馬拉雅/東方鵟,Buteo buteo/refectus/japonicus,,slash,,,
長/短耳鴞,Asio otus/flammeus,,slash,,,
黑背/赤背三趾翠鳥,Ceyx erithaca/rufidorsa,,slash,,,
黃爪隼/紅隼,Falco naumanni/tinnunculus,,slash,,,
紅腳隼/燕隼,Falco amurensis/subbuteo,,slash,,,
琉球/灰山椒鳥,Pericrocotus tegimae/divaricatus,,slash,,,
灰/小灰山椒鳥,Pericrocotus divaricatus/cantonensis,,slash,,,
大/灰卷尾,Dicrurus macrocercus/leucophaeus,,slash,,,
紫/阿穆爾綬帶,Terpsiphone atrocaudata/incei,,slash,,,
阿穆爾/布氏/印度綬帶,Terpsiphone incei/affinis/paradisi,,slash,,,
赤腹/雜色山雀,Sittiparus castaneoventris/varius,,slash,,,
大/賽氏短趾百靈,Calandrella brachydactyla/dukhunensis,,slash,,,
賽氏/細嘴短趾百靈,Calandrella dukhunensis/acutirostris,,slash,,,
歐亞/小雲雀,Alauda arvensis/gulgula,,slash,,,
棕/黃頭扇尾鶯,Cisticola juncidis/exilis,,slash,,,
稻田/布氏葦鶯,Acrocephalus agricola/dumetorum,,slash,,,
蒼眉/庫頁島蝗鶯,Helopsaltes fasciolatus/amnicola,,slash,,,
北/史氏蝗鶯,Helopsaltes ochotensis/pleskei,,slash,,,
棕/灰沙燕,Riparia chinensis/riparia,,slash,,,
灰/淺灰沙燕,Riparia riparia/diluta,,slash,,,
家/洋燕,Hirundo rustica/tahitica,,slash,,,
金腰/赤腰燕,Cecropis daurica/striolata,,slash,,,
白腹/東方毛腳燕,Delichon urbicum/dasypus,,slash,,,
烏頭/白頭翁,Pycnonotus taivanus/sinensis,,slash,,,
黃眉/淡眉柳鶯,Phylloscopus inornatus/humei,,slash,,,
巨嘴/褐色柳鶯,Phylloscopus schwarzi/fuscatus,,slash,,,
巨嘴/棕眉/褐色柳鶯,Phylloscopus schwarzi/armandii/fuscatus,,slash,,,
歐亞/嘰喳柳鶯,Phylloscopus trochilus/collybita,,slash,,,
暗綠/雙斑綠柳鶯,Phylloscopus trochiloides/plumbeitarsus,,slash,,,
淡腳/庫頁島柳鶯,Phylloscopus tenellipes/borealoides,,slash,,,
日本/極北柳鶯,Phylloscopus xanthodryas/borealis,,slash,,,
極北/勘察加柳鶯,Phylloscopus borealis/examinandus,,slash,,,
日本/極北/勘察加柳鶯,Phylloscopus xanthodryas/borealis/examinandus,,slash,,,
克氏/哈氏/布氏冠紋柳鶯,Phylloscopus reguloides/claudiae/goodsoni,,slash,,,
日本/遠東樹鶯,Horornis diphone/canturians,,slash,,,
小/深山鶯,Horornis fortipes/acanthizoides,,slash,,,
斯氏/日菲繡眼,Zosterops simplex/japonicus,,slash,,,
台灣/大陸畫眉,Garrulax canorus/taewanus,,slash,,,
北/小椋鳥,Agropsar sturninus/philippensis,,slash,,,
白氏/虎斑地鶇,Zoothera aurea/dauma,,slash,,,
褐頭/白眉鶇,Turdus feae/obscurus,,slash,,,
斑點/紅尾鶇,Turdus eunomus/naumanni,,slash,,,
灰斑鶲/烏鶲,Muscicapa griseisticta/sibirica,,slash,,,
白腹琉璃/琉璃藍鶲,Cyanoptila cyanomelana/cumatilis,,slash,,,
白眉/栗背林鴝,Tarsiger indicus/johnstoniae,,slash,,,
白眉鶲/綠背姬鶲/黃眉黃鶲/琉球姬鶲,Ficedula zanthopygia/elisae/narcissina/owstoni,,slash,,,
黃眉黃鶲/琉球姬鶲,Ficedula narcissina/owstoni,,slash,,,
紅喉/紅胸鶲,Ficedula albicilla/parva,,slash,,,
西方/東方黃鶺鴒,Motacilla flava/tschutschensis,,slash,,,
大花/稻田鷚,Anthus richardi/rufulus,,slash,,,
大花/布萊氏鷚,Anthus richardi/godlewskii,,slash,,,
草地/林鷚,Anthus pratensis/trivialis,,slash,,,
林/樹鷚,Anthus trivialis/hodgsoni,,slash,,,
草地/水鷚,Anthus pratensis/spinoletta,,slash,,,
水/黃腹鷚,Anthus spinoletta/rubescens,,slash,,,
褐/灰鷽,Pyrrhula nipalensis/erythaca,,slash,,,
黑頭/褐頭鵐,Emberiza melanocephala/bruniceps,,slash,,,
圃鵐,Emberiza buchanani/hortulana,,slash,,,
葦/蘆鵐,Emberiza pallasi/schoeniclus,,slash,,,
樹鴨,Dendrocygna javanica,Lesser Whistling-Duck,species,,,
斑頭雁,Anser indicus,Bar-headed Goose,species,,,
灰雁,Anser anser,Graylag Goose,species,,,
鴻雁,Anser cygnoides,Swan Goose,species,,,
白額雁,Anser albifrons,Greater White-fronted Goose,species,,,
小白額雁,Anser erythropus,Lesser White-fronted Goose,species,,,
寒林豆雁,Anser fabalis,Taiga Bean-Goose,species,,,
凍原豆雁,Anser serrirostris,Tundra Bean-Goose,species,,,
黑雁,Branta bernicla,Brant,species,,,
小加拿大雁,Branta hutchinsii,Cackling Goose,species,,,
加拿大雁,Branta canadensis,Canada Goose,species,,,
疣鼻天鵝,Cygnus olor,Mute Swan,species,,,
黑天鵝,Cygnus atratus,Black Swan,species,,,
小天鵝,Cygnus columbianus,Tundra Swan,species,,,
黃嘴天鵝,Cygnus cygnus,Whooper Swan,species,,,
埃及雁,Alopochen aegyptiaca,Egyptian Goose,species,,,
瀆鳧,Tadorna ferruginea,Ruddy Shelduck,species,,,
花鳧,Tadorna tadorna,Common Shelduck,species,,,
疣鼻棲鴨(薑母鴨),Cairina moschata,Muscovy Duck,species,,,
棉鴨,Nettapus coromandelianus,Cotton Pygmy-Goose,species,,,
林鴛鴦,Aix sponsa,Wood Duck,species,,,
鴛鴦,Aix galericulata,Mandarin Duck,species,1,,1
巴鴨,Sibirionetta formosa,Baikal Teal,species,,,
白眉鴨,Spatula querquedula,Garganey,species,,,
琵嘴鴨,Spatula clypeata,Northern Shoveler,species,,,
赤膀鴨,Mareca strepera,Gadwall,species,,,
羅文鴨,Mareca falcata,Falcated Duck,species,,,
赤頸鴨,Mareca penelope,Eurasian Wigeon,species,,,
葡萄胸鴨,Mareca americana,American Wigeon,species,,,
呂宋鴨,Anas luzonica,Philippine Duck,species,,,
花嘴鴨,Anas zonorhyncha,Eastern Spot-billed Duck,species,1,,1
綠頭鴨,Anas platyrhynchos,Mallard,species,1,,1
尖尾鴨,Anas acuta,Northern Pintail,species,,,
小水鴨,Anas crecca,Green-winged Teal,species,1,,
赤嘴潛鴨,Netta rufina,Red-crested Pochard,species,,,
帆背潛鴨,Aythya valisineria,Canvasback,species,,,
紅頭潛鴨,Aythya ferina,Common Pochard,species,,,
環頸潛鴨,Aythya collaris,Ring-necked Duck,species,,,
白眼潛鴨,Aythya nyroca,Ferruginous Duck,species,,,
青頭潛鴨,Aythya baeri,Baer's Pochard,species,,,
鳳頭潛鴨,Aythya fuligula,Tufted Duck,species,,,
斑背潛鴨,Aythya marila,Greater Scaup,species,,,
小斑背潛鴨,Aythya affinis,Lesser Scaup,species,,,
長尾鴨,Clangula hyemalis,Long-tailed Duck,species,,,
鵲鴨,Bucephala clangula,Common Goldeneye,species,,,
白秋沙,Mergellus albellus,Smew,species,,,
川秋沙,Mergus merganser,Common Merganser,species,,,
紅胸秋沙,Mergus serrator,Red-breasted Merganser,species,,,
唐秋沙,Mergus squamatus,Scaly-sided Merganser,species,,,
台灣山鷓鴣,Arborophila crudigularis,Taiwan Partridge,species,1,endemic species,1
火雞,Meleagris gallopavo,Wild Turkey,species,,,
黑長尾雉,Syrmaticus mikado,Mikado Pheasant,species,1,endemic species,1
紅腹錦雞,Chrysolophus pictus,Golden Pheasant,species,,,
白腹錦雞,Chrysolophus amherstiae,Lady Amherst's Pheasant,species,,,
環頸雉,Phasianus colchicus,Ring-necked Pheasant,species,,endemic subspecies,
藍腹鷴,Lophura swinhoii,Swinhoe's Pheasant,species,1,endemic species,1
藍孔雀,Pavo cristatus,Indian Peafowl,species,,,
灰胸竹雞,Bambusicola thoracicus,Chinese Bamboo-Partridge,species,,,
台灣竹雞,Bambusicola sonorivox,Taiwan Bamboo-Partridge,species,1,endemic species,1
小鵪鶉,Synoicus chinensis,Blue-breasted Quail,species,,,
鵪鶉,Coturnix japonica,Japanese Quail,species,,,
美洲?鸛,Phoenicopterus ruber,American Flamingo,species,,,
大紅鸛,Phoenicopterus roseus,Greater Flamingo,species,,,
小鸊鷉,Tachybaptus ruficollis,Little Grebe,species,1,,1
角鸊鷉,Podiceps auritus,Horned Grebe,species,,,
赤頸鸊鷉,Podiceps grisegena,Red-necked Grebe,species,,,
冠鸊鷉,Podiceps cristatus,Great Crested Grebe,species,,,
黑頸鸊鷉,Podiceps nigricollis,Eared Grebe,species,,,
野鴿,Columba livia,Rock Pigeon,species,1,,1
灰林鴿,Columba pulchricollis,Ashy Wood-Pigeon,species,1,,1
黑林鴿,Columba janthina,Japanese Wood-Pigeon,species,,,
白喉林鴿,Columba vitiensis,Metallic Pigeon,species,,,
歐斑鳩,Streptopelia turtur,European Turtle-Dove,species,,,
金背鳩,Streptopelia orientalis,Oriental Turtle-Dove,species,1,endemic subspecies,1
灰斑鳩,Streptopelia decaocto,Eurasian Collared-Dove,species,,,
紅鳩,Streptopelia tranquebarica,Red Collared-Dove,species,1,,1
珠頸斑鳩,Streptopelia chinensis,Spotted Dove,species,1,,1
斑尾鵑鳩,Macropygia unchall,Barred Cuckoo-Dove,species,,,
長尾鳩,Macropygia tenuirostris,Philippine Cuckoo-Dove,species,,,
翠翼鳩,Chalcophaps indica,Asian Emerald Dove,species,1,,1
雪花姬地鳩,Geopelia cuneata,Diamond Dove,species,,,
斑馬鳩,Geopelia striata,Zebra Dove,species,,,
橙胸綠鳩,Treron bicinctus,Orange-breasted Green-Pigeon,species,,,
厚嘴綠鳩,Treron curvirostra,Thick-billed Green-Pigeon,species,,,
綠鳩,Treron sieboldii,White-bellied Green-Pigeon,species,1,,1
紅頭綠鳩,Treron formosae,Whistling Green-Pigeon,species,,endemic subspecies,
小綠鳩,Ptilinopus leclancheri,Black-chinned Fruit-Dove,species,,,
褐翅鴉鵑,Centropus sinensis,Greater Coucal,species,,,
番鵑,Centropus bengalensis,Lesser Coucal,species,1,,1
冠郭公,Clamator coromandus,Chestnut-winged Cuckoo,species,,,
斑翅鳳頭鵑,Clamator jacobinus,Pied Cuckoo,species,,,
噪鵑,Eudynamys scolopaceus,Asian Koel,species,1,,1
八聲杜鵑,Cacomantis merulinus,Plaintive Cuckoo,species,,,
烏鵑,Surniculus dicruroides,Fork-tailed Drongo-Cuckoo,species,,,
方尾烏鵑,Surniculus lugubris,Square-tailed Drongo-Cuckoo,species,,,
鷹鵑,Hierococcyx sparverioides,Large Hawk-Cuckoo,species,1,,1
北方鷹鵑,Hierococcyx hyperythrus,Northern Hawk-Cuckoo,species,,,
棕腹鷹鵑,Hierococcyx nisicolor,Hodgson's Hawk-Cuckoo,species,,,
小杜鵑,Cuculus poliocephalus,Lesser Cuckoo,species,1,,1
四聲杜鵑,Cuculus micropterus,Indian Cuckoo,species,1,,
喜馬拉雅中杜鵑,Cuculus saturatus,Himalayan Cuckoo,species,,,
大杜鵑,Cuculus canorus,Common Cuckoo,species,1,,1
北方中杜鵑,Cuculus optatus,Oriental Cuckoo,species,1,,1
普通夜鷹,Caprimulgus jotaka,Gray Nightjar,species,,,
南亞夜鷹,Caprimulgus affinis,Savanna Nightjar,species,1,endemic subspecies,1
白喉針尾雨燕,Hirundapus caudacutus,White-throated Needletail,species,1,,1
灰喉針尾雨燕,Hirundapus cochinchinensis,Silver-backed Needletail,species,1,endemic subspecies,1
紫針尾雨燕,Hirundapus celebensis,Purple Needletail,species,,,
灰腰金絲燕,Collocalia marginata,Gray-rumped Swiftlet,species,,,
短嘴金絲燕,Aerodramus brevirostris,Himalayan Swiftlet,species,,,
傑曼氏金絲燕,Aerodramus germani,Germain's Swiftlet,species,,,
叉尾雨燕,Apus pacificus,Pacific Swift,species,1,,1
庫克氏雨燕,Apus cooki,Cook's Swift,species,,,
小雨燕,Apus nipalensis,House Swift,species,1,endemic subspecies,1
西方秧雞,Rallus aquaticus,Water Rail,species,,,
東亞秧雞,Rallus indicus,Brown-cheeked Rail,species,,,
灰胸秧雞,Lewinia striata,Slaty-breasted Rail,species,1,endemic subspecies,1
斑胸秧雞,Porzana porzana,Spotted Crake,species,,,
紅冠水雞,Gallinula chloropus,Eurasian Moorhen,species,1,,1
白冠雞,Fulica atra,Eurasian Coot,species,1,,1
黑背紫水雞,Porphyrio indicus,Black-backed Swamphen,species,,,
紐澳紫水雞,Porphyrio melanotus,Australasian Swamphen,species,,,
灰頭紫水雞,Porphyrio poliocephalus,Gray-headed Swamphen,species,,,
白眉秧雞,Poliolimnas cinereus,White-browed Crake,species,,,
董雞,Gallicrex cinerea,Watercock,species,,,
白腹秧雞,Amaurornis phoenicurus,White-breasted Waterhen,species,1,,1
紅腳秧雞,Rallina fasciata,Red-legged Crake,species,,,
灰腳秧雞,Rallina eurizonoides,Slaty-legged Crake,species,1,endemic subspecies,1
緋秧雞,Zapornia fusca,Ruddy-breasted Crake,species,,,
斑?秧雞,Zapornia paykullii,Band-bellied Crake,species,,,
紅腳苦惡鳥,Zapornia akool,Brown Crake,species,,,
小秧雞,Zapornia pusilla,Baillon's Crake,species,,,
簑羽鶴,Anthropoides virgo,Demoiselle Crane,species,,,
白鶴,Leucogeranus leucogeranus,Siberian Crane,species,,,
沙丘鶴,Antigone canadensis,Sandhill Crane,species,,,
白枕鶴,Antigone vipio,White-naped Crane,species,,,
灰鶴,Grus grus,Common Crane,species,,,
白頭鶴,Grus monacha,Hooded Crane,species,,,
丹頂鶴,Grus japonensis,Red-crowned Crane,species,,,
高蹺鴴,Himantopus himantopus,Black-winged Stilt,species,,,
反嘴鴴,Recurvirostra avosetta,Pied Avocet,species,,,
蠣鴴,Haematopus ostralegus,Eurasian Oystercatcher,species,,,
灰斑鴴,Pluvialis squatarola,Black-bellied Plover,species,,,
美洲金斑鴴,Pluvialis dominica,American Golden-Plover,species,,,
太平洋金斑鴴,Pluvialis fulva,Pacific Golden-Plover,species,,,
小辮鴴,Vanellus vanellus,Northern Lapwing,species,,,
跳鴴,Vanellus cinereus,Gray-headed Lapwing,species,,,
蒙古鴴,Charadrius mongolus,Lesser Sand-Plover,species,,,
鐵嘴鴴,Charadrius leschenaultii,Greater Sand-Plover,species,,,
東方環頸鴴,Charadrius alexandrinus,Kentish Plover,species,1,,1
白臉鴴,Charadrius dealbatus,White-faced Plover,species,,,
環頸鴴,Charadrius hiaticula,Common Ringed Plover,species,,,
劍鴴,Charadrius placidus,Long-billed Plover,species,,,
小環頸鴴,Charadrius dubius,Little Ringed Plover,species,1,,1
東方紅胸鴴,Charadrius veredus,Oriental Plover,species,,,
彩鷸,Rostratula benghalensis,Greater Painted-Snipe,species,1,,1
水雉,Hydrophasianus chirurgus,Pheasant-tailed Jacana,species,,,
中杓鷸,Numenius phaeopus,Whimbrel,species,,,
小杓鷸,Numenius minutus,Little Curlew,species,,,
黦鷸,Numenius madagascariensis,Far Eastern Curlew,species,,,
大杓鷸,Numenius arquata,Eurasian Curlew,species,,,
斑尾鷸,Limosa lapponica,Bar-tailed Godwit,species,,,
黑尾鷸,Limosa limosa,Black-tailed Godwit,species,,,
翻石鷸,Arenaria interpres,Ruddy Turnstone,species,,,
大濱鷸,Calidris tenuirostris,Great Knot,species,,,
紅腹濱鷸,Calidris canutus,Red Knot,species,,,
流蘇鷸,Calidris pugnax,Ruff,species,,,
寬嘴鷸,Calidris falcinellus,Broad-billed Sandpiper,species,,,
尖尾濱鷸,Calidris acuminata,Sharp-tailed Sandpiper,species,,,
高蹺濱鷸,Calidris himantopus,Stilt Sandpiper,species,,,
彎嘴濱鷸,Calidris ferruginea,Curlew Sandpiper,species,,,
丹氏濱鷸,Calidris temminckii,Temminck's Stint,species,,,
長趾濱鷸,Calidris subminuta,Long-toed Stint,species,,,
琵嘴鷸,Calidris pygmaea,Spoon-billed Sandpiper,species,,,
紅胸濱鷸,Calidris ruficollis,Red-necked Stint,species,,,
三趾濱鷸,Calidris alba,Sanderling,species,,,
黑腹濱鷸,Calidris alpina,Dunlin,species,,,
小濱鷸,Calidris minuta,Little Stint,species,,,
黃胸鷸,Calidris subruficollis,Buff-breasted Sandpiper,species,,,
美洲尖尾濱鷸,Calidris melanotos,Pectoral Sandpiper,species,,,
西濱鷸,Calidris mauri,Western Sandpiper,species,,,
半蹼鷸,Limnodromus semipalmatus,Asian Dowitcher,species,,,
長嘴半蹼鷸,Limnodromus scolopaceus,Long-billed Dowitcher,species,,,
小鷸,Lymnocryptes minimus,Jack Snipe,species,,,
山鷸,Scolopax rusticola,Eurasian Woodcock,species,1,,1
孤田鷸,Gallinago solitaria,Solitary Snipe,species,,,
大地鷸,Gallinago hardwickii,Latham's Snipe,species,,,
田鷸,Gallinago gallinago,Common Snipe,species,1,,1
針尾鷸,Gallinago stenura,Pin-tailed Snipe,species,,,
中地鷸,Gallinago megala,Swinhoe's Snipe,species,,,
反嘴鷸,Xenus cinereus,Terek Sandpiper,species,,,
紅領瓣足鷸,Phalaropus lobatus,Red-necked Phalarope,species,,,
灰瓣足鷸,Phalaropus fulicarius,Red Phalarope,species,,,
磯鷸,Actitis hypoleucos,Common Sandpiper,species,1,,1
白腰草鷸,Tringa ochropus,Green Sandpiper,species,1,,1
黃足鷸,Tringa brevipes,Gray-tailed Tattler,species,,,
美洲黃足鷸,Tringa incana,Wandering Tattler,species,,,
鶴鷸,Tringa erythropus,Spotted Redshank,species,,,
青足鷸,Tringa nebularia,Common Greenshank,species,,,
諾氏鷸,Tringa guttifer,Nordmann's Greenshank,species,,,
小黃腳鷸,Tringa flavipes,Lesser Yellowlegs,species,,,
小青足鷸,Tringa stagnatilis,Marsh Sandpiper,species,,,
鷹斑鷸,Tringa glareola,Wood Sandpiper,species,,,
赤足鷸,Tringa totanus,Common Redshank,species,,,
林三趾鶉,Turnix sylvaticus,Small Buttonquail,species,,,
黃腳三趾鶉,Turnix tanki,Yellow-legged Buttonquail,species,,,
棕三趾鶉,Turnix suscitator,Barred Buttonquail,species,,endemic subspecies,
燕?,Glareola maldivarum,Oriental Pratincole,species,,,
灰賊鷗,Stercorarius maccormicki,South Polar Skua,species,,,
中賊鷗,Stercorarius pomarinus,Pomarine Jaeger,species,,,
短尾賊鷗,Stercorarius parasiticus,Parasitic Jaeger,species,,,
長尾賊鷗,Stercorarius longicaudus,Long-tailed Jaeger,species,,,
崖海鴉,Uria aalge,Common Murre,species,,,
扁嘴海雀,Synthliboramphus antiquus,Ancient Murrelet,species,,,
冠海雀,Synthliboramphus wumizusume,Japanese Murrelet,species,,,
三趾鷗,Rissa tridactyla,Black-legged Kittiwake,species,,,
叉尾鷗,Xema sabini,Sabine's Gull,species,,,
黑嘴鷗,Saundersilarus saundersi,Saunders's Gull,species,,,
細嘴鷗,Chroicocephalus genei,Slender-billed Gull,species,,,
紐澳紅嘴鷗,Chroicocephalus novaehollandiae,Silver Gull,species,,,
紅嘴鷗,Chroicocephalus ridibundus,Black-headed Gull,species,,,
棕頭鷗,Chroicocephalus brunnicephalus,Brown-headed Gull,species,,,
小鷗,Hydrocoloeus minutus,Little Gull,species,,,
楔尾鷗,Rhodostethia rosea,Ross's Gull,species,,,
笑鷗,Leucophaeus atricilla,Laughing Gull,species,,,
弗氏鷗,Leucophaeus pipixcan,Franklin's Gull,species,,,
遺鷗,Ichthyaetus relictus,Relict Gull,species,,,
漁鷗,Ichthyaetus ichthyaetus,Pallas's Gull,species,,,
黑尾鷗,Larus crassirostris,Black-tailed Gull,species,,,
海鷗,Larus canus,Common Gull,species,,,
銀鷗,Larus argentatus,Herring Gull,species,,,
裏海銀鷗,Larus cachinnans,Caspian Gull,species,,,
小黑背鷗,Larus fuscus,Lesser Black-backed Gull,species,,,
灰背鷗,Larus schistisagus,Slaty-backed Gull,species,,,
北極鷗,Larus hyperboreus,Glaucous Gull,species,,,
玄燕鷗,Anous stolidus,Brown Noddy,species,,,
黑玄燕鷗,Anous minutus,Black Noddy,species,,,
烏領燕鷗,Onychoprion fuscatus,Sooty Tern,species,,,
白眉燕鷗,Onychoprion anaethetus,Bridled Tern,species,,,
白腰燕鷗,Onychoprion aleuticus,Aleutian Tern,species,,,
小燕鷗,Sternula albifrons,Little Tern,species,,,
鷗嘴燕鷗,Gelochelidon nilotica,Gull-billed Tern,species,,,
裏海燕鷗,Hydroprogne caspia,Caspian Tern,species,,,
黑浮鷗,Chlidonias niger,Black Tern,species,,,
白翅黑燕鷗,Chlidonias leucopterus,White-winged Tern,species,,,
黑腹燕鷗,Chlidonias hybrida,Whiskered Tern,species,,,
紅燕鷗,Sterna dougallii,Roseate Tern,species,,,
蒼燕鷗,Sterna sumatrana,Black-naped Tern,species,,,
燕鷗,Sterna hirundo,Common Tern,species,,,
鳳頭燕鷗,Thalasseus bergii,Great Crested Tern,species,,,
白嘴端燕鷗,Thalasseus sandvicensis,Sandwich Tern,species,,,
小鳳頭燕鷗,Thalasseus bengalensis,Lesser Crested Tern,species,,,
黑嘴端鳳頭燕鷗,Thalasseus bernsteini,Chinese Crested Tern,species,,,
白尾熱帶鳥,Phaethon lepturus,White-tailed Tropicbird,species,,,
紅嘴熱帶鳥,Phaethon aethereus,Red-billed Tropicbird,species,,,
紅尾熱帶鳥,Phaethon rubricauda,Red-tailed Tropicbird,species,,,
紅喉潛鳥,Gavia stellata,Red-throated Loon,species,,,
黑喉潛鳥,Gavia arctica,Arctic Loon,species,,,
太平洋潛鳥,Gavia pacifica,Pacific Loon,species,,,
白嘴潛鳥,Gavia adamsii,Yellow-billed Loon,species,,,
黑背信天翁,Phoebastria immutabilis,Laysan Albatross,species,,,
黑腳信天翁,Phoebastria nigripes,Black-footed Albatross,species,,,
短尾信天翁,Phoebastria albatrus,Short-tailed Albatross,species,,,
白腰叉尾海燕,Hydrobates leucorhous,Leach's Storm-Petrel,species,,,
黑叉尾海燕,Hydrobates monorhis,Swinhoe's Storm-Petrel,species,,,
哈考氏叉尾海燕,Hydrobates castro,Band-rumped Storm-Petrel,species,,,
日本叉尾海燕,Hydrobates matsudairae,Matsudaira's Storm-Petrel,species,,,
褐翅叉尾海燕,Hydrobates tristrami,Tristram's Storm-Petrel,species,,,
暴風?,Fulmarus glacialis,Northern Fulmar,species,,,
克島圓尾穴鳥,Pterodroma neglecta,Kermadec Petrel,species,,,
白腹穴鳥,Pterodroma hypoleuca,Bonin Petrel,species,,,
穴鳥,Bulweria bulwerii,Bulwer's Petrel,species,,,
黑背白腹穴鳥,Pseudobulweria rostrata,Tahiti Petrel,species,,,
大水薙鳥,Calonectris leucomelas,Streaked Shearwater,species,,,
肉足水薙鳥,Ardenna carneipes,Flesh-footed Shearwater,species,,,
長尾水薙鳥,Ardenna pacifica,Wedge-tailed Shearwater,species,,,
灰水薙鳥,Ardenna grisea,Sooty Shearwater,species,,,
短尾水薙鳥,Ardenna tenuirostris,Short-tailed Shearwater,species,,,
黑鸛,Ciconia nigra,Black Stork,species,,,
白鸛,Ciconia ciconia,White Stork,species,,,
東方白鸛,Ciconia boyciana,Oriental Stork,species,1,,
白斑軍艦鳥,Fregata ariel,Lesser Frigatebird,species,,,
聖誕島軍艦鳥,Fregata andrewsi,Christmas Island Frigatebird,species,,,
軍艦鳥,Fregata minor,Great Frigatebird,species,,,
藍臉鰹鳥,Sula dactylatra,Masked Booby,species,,,
白腹鰹鳥,Sula leucogaster,Brown Booby,species,,,
紅腳鰹鳥,Sula sula,Red-footed Booby,species,,,
紅臉鸕鷀,Urile urile,Red-faced Cormorant,species,,,
海鸕鷀,Urile pelagicus,Pelagic Cormorant,species,,,
鸕鷀,Phalacrocorax carbo,Great Cormorant,species,,,
丹氏鸕鷀,Phalacrocorax capillatus,Japanese Cormorant,species,,,
白鵜鶘,Pelecanus onocrotalus,Great White Pelican,species,,,
卷羽鵜鶘,Pelecanus crispus,Dalmatian Pelican,species,,,
大麻鷺,Botaurus stellaris,Great Bittern,species,,,
黃小鷺,Ixobrychus sinensis,Yellow Bittern,species,1,,1
秋小鷺,Ixobrychus eurhythmus,Schrenck's Bittern,species,,,
栗小鷺,Ixobrychus cinnamomeus,Cinnamon Bittern,species,1,,1
黃頸黑鷺,Ixobrychus flavicollis,Black Bittern,species,,,
蒼鷺,Ardea cinerea,Gray Heron,species,1,,1
紫鷺,Ardea purpurea,Purple Heron,species,,,
大白鷺,Ardea alba,Great Egret,species,1,,1
中白鷺,Ardea intermedia,Intermediate Egret,species,1,,1
白臉鷺,Egretta novaehollandiae,White-faced Heron,species,,,
唐白鷺,Egretta eulophotes,Chinese Egret,species,,,
小白鷺,Egretta garzetta,Little Egret,species,1,,1
岩鷺,Egretta sacra,Pacific Reef-Heron,species,,,
白頸黑鷺,Egretta picata,Pied Heron,species,,,
黃頭鷺,Bubulcus ibis,Cattle Egret,species,1,,1
印度池鷺,Ardeola grayii,Indian Pond-Heron,species,,,
池鷺,Ardeola bacchus,Chinese Pond-Heron,species,1,,1
爪哇池鷺,Ardeola speciosa,Javan Pond-Heron,species,,,
綠簑鷺,Butorides striata,Striated Heron,species,1,,1
夜鷺,Nycticorax nycticorax,Black-crowned Night-Heron,species,1,,1
棕夜鷺,Nycticorax caledonicus,Nankeen Night-Heron,species,,,
麻鷺,Gorsachius goisagi,Japanese Night-Heron,species,1,,
黑冠麻鷺,Gorsachius melanolophus,Malayan Night-Heron,species,1,,1
彩䴉,Plegadis falcinellus,Glossy Ibis,species,,,
埃及聖䴉,Threskiornis aethiopicus,African Sacred Ibis,species,,,
馬島聖䴉,Threskiornis bernieri,Malagasy Sacred Ibis,species,,,
黑頭白䴉,Threskiornis melanocephalus,Black-headed Ibis,species,,,
朱鷺,Nipponia nippon,Crested Ibis,species,,,
白琵鷺,Platalea leucorodia,Eurasian Spoonbill,species,,,
黑面琵鷺,Platalea minor,Black-faced Spoonbill,species,,,
魚鷹,Pandion haliaetus,Osprey,species,1,,1
黑翅鳶,Elanus caeruleus,Black-winged Kite,species,1,,1
東方蜂鷹,Pernis ptilorhynchus,Oriental Honey-buzzard,species,1,,1
黑冠鵑隼,Aviceda leuphotes,Black Baza,species,,,
禿鷲,Aegypius monachus,Cinereous Vulture,species,,,
大冠鷲,Spilornis cheela,Crested Serpent-Eagle,species,1,endemic subspecies,1
熊鷹,Nisaetus nipalensis,Mountain Hawk-Eagle,species,1,,1
林鵰,Ictinaetus malaiensis,Black Eagle,species,1,,1
花鵰,Clanga clanga,Greater Spotted Eagle,species,,,
靴隼鵰,Hieraaetus pennatus,Booted Eagle,species,,,
白肩鵰,Aquila heliaca,Imperial Eagle,species,,,
白腹鵰,Aquila fasciata,Bonelli's Eagle,species,,,
灰面鵟鷹,Butastur indicus,Gray-faced Buzzard,species,1,,1
西方澤鵟,Circus aeruginosus,Eurasian Marsh-Harrier,species,,,
東方澤鵟,Circus spilonotus,Eastern Marsh-Harrier,species,,,
巴布亞澤鵟,Circus spilothorax,Papuan Marsh-Harrier,species,,,
灰澤鵟,Circus cyaneus,Hen Harrier,species,,,
花澤鵟,Circus melanoleucos,Pied Harrier,species,,,
鳳頭蒼鷹,Accipiter trivirgatus,Crested Goshawk,species,1,endemic subspecies,1
褐耳鷹,Accipiter badius,Shikra,species,,,
赤腹鷹,Accipiter soloensis,Chinese Sparrowhawk,species,1,,1
日本松雀鷹,Accipiter gularis,Japanese Sparrowhawk,species,1,,1
松雀鷹,Accipiter virgatus,Besra,species,1,endemic subspecies,1
北雀鷹,Accipiter nisus,Eurasian Sparrowhawk,species,1,,1
蒼鷹,Accipiter gentilis,Northern Goshawk,species,1,,1
黑鳶,Milvus migrans,Black Kite,species,1,,1
栗鳶,Haliastur indus,Brahminy Kite,species,,,
白尾海鵰,Haliaeetus albicilla,White-tailed Eagle,species,1,,
虎頭海鵰,Haliaeetus pelagicus,Steller's Sea-Eagle,species,,,
白腹海鵰,Haliaeetus leucogaster,White-bellied Sea-Eagle,species,,,
栗翅鷹,Parabuteo unicinctus,Harris's Hawk,species,,,
毛足鵟,Buteo lagopus,Rough-legged Hawk,species,1,,1
歐亞鵟,Buteo buteo,Common Buzzard,species,,,
東方鵟,Buteo japonicus,Eastern Buzzard,species,1,,1
大鵟,Buteo hemilasius,Upland Buzzard,species,,,
草鴞,Tyto longimembris,Australasian Grass-Owl,species,,endemic subspecies,
黃嘴角鴞,Otus spilocephalus,Mountain Scops-Owl,species,1,endemic subspecies,1
領角鴞,Otus lettia,Collared Scops-Owl,species,1,endemic subspecies,1
蘭嶼角鴞,Otus elegans,Ryukyu Scops-Owl,species,,endemic subspecies,
東方角鴞,Otus sunia,Oriental Scops-Owl,species,,,
鵰鴞,Bubo bubo,Eurasian Eagle-Owl,species,,,
黃魚鴞,Ketupa flavipes,Tawny Fish-Owl,species,1,,1
鵂鶹,Taenioptynx brodiei,Collared Owlet,species,1,endemic subspecies,1
縱紋腹小鴞,Athene noctua,Little Owl,species,,,
褐林鴞,Strix leptogrammica,Brown Wood-Owl,species,1,,1
東方灰林鴞,Strix nivicolum,Himalayan Owl,species,1,endemic subspecies,1
長耳鴞,Asio otus,Long-eared Owl,species,,,
短耳鴞,Asio flammeus,Short-eared Owl,species,,,
褐鷹鴞,Ninox japonica,Northern Boobook,species,1,,1
戴勝,Upupa epops,Eurasian Hoopoe,species,,,
翠鳥,Alcedo atthis,Common Kingfisher,species,1,,1
黑背三趾翠鳥,Ceyx erithaca,Black-backed Dwarf-Kingfisher,species,,,
赤背三趾翠鳥,Ceyx rufidorsa,Rufous-backed Dwarf-Kingfisher,species,,,
赤翡翠,Halcyon coromanda,Ruddy Kingfisher,species,1,,1
蒼翡翠,Halcyon smyrnensis,White-throated Kingfisher,species,,,
黑頭翡翠,Halcyon pileata,Black-capped Kingfisher,species,,,
白領翡翠,Todiramphus chloris,Collared Kingfisher,species,1,,1
斑翡翠,Ceryle rudis,Pied Kingfisher,species,,,
藍喉蜂虎,Merops viridis,Blue-throated Bee-eater,species,,,
藍頰蜂虎,Merops persicus,Blue-cheeked Bee-eater,species,,,
栗喉蜂虎,Merops philippinus,Blue-tailed Bee-eater,species,,,
彩虹蜂虎,Merops ornatus,Rainbow Bee-eater,species,,,
佛法僧,Eurystomus orientalis,Dollarbird,species,,,
五色鳥,Psilopogon nuchalis,Taiwan Barbet,species,1,endemic species,1
地啄木,Jynx torquilla,Eurasian Wryneck,species,,,
小啄木,Yungipicus canicapillus,Gray-capped Pygmy Woodpecker,species,1,,1
大赤啄木,Dendrocopos leucotos,White-backed Woodpecker,species,1,endemic subspecies,1
綠啄木,Picus canus,Gray-headed Woodpecker,species,1,,1
黃爪隼,Falco naumanni,Lesser Kestrel,species,,,
紅隼,Falco tinnunculus,Eurasian Kestrel,species,1,,
紅腳隼,Falco amurensis,Amur Falcon,species,,,
灰背隼,Falco columbarius,Merlin,species,,,
燕隼,Falco subbuteo,Eurasian Hobby,species,,,
遊隼,Falco peregrinus,Peregrine Falcon,species,1,,1
戈芬氏鳳頭鸚鵡,Cacatua goffiniana,Tanimbar Corella,species,,,
小葵花鳳頭鸚鵡,Cacatua sulphurea,Yellow-crested Cockatoo,species,,,
葵花鳳頭鸚鵡,Cacatua galerita,Sulphur-crested Cockatoo,species,,,
鮭紅鳳頭鸚鵡,Cacatua moluccensis,Salmon-crested Cockatoo,species,,,
白鳳頭鸚鵡,Cacatua alba,White Cockatoo,species,,,
雞尾鸚鵡,Nymphicus hollandicus,Cockatiel,species,,,
亞歷山大鸚鵡,Psittacula eupatria,Alexandrine Parakeet,species,,,
紅領綠鸚鵡,Psittacula krameri,Rose-ringed Parakeet,species,,,
虎皮鸚鵡,Melopsittacus undulatus,Budgerigar,species,,,
紅色吸蜜鸚鵡,Eos bornea,Red Lory,species,,,
彩虹吸蜜鸚鵡,Trichoglossus moluccanus,Rainbow Lorikeet,species,,,
紅領吸蜜鸚鵡,Trichoglossus rubritorquis,Red-collared Lorikeet,species,,,
費氏愛情鳥,Agapornis fischeri,Fischer's Lovebird,species,,,
灰鸚鵡,Psittacus erithacus,Gray Parrot,species,,,
和尚鸚鵡,Myiopsitta monachus,Monk Parakeet,species,,,
藍翅八色鳥,Pitta moluccensis,Blue-winged Pitta,species,,,
八色鳥,Pitta nympha,Fairy Pitta,species,1,,1
綠胸八色鳥,Pitta sordida,Hooded Pitta,species,,,
灰喉山椒鳥,Pericrocotus solaris,Gray-chinned Minivet,species,1,,1
長尾山椒鳥,Pericrocotus ethologus,Long-tailed Minivet,species,,,
赤紅山椒鳥,Pericrocotus speciosus,Scarlet Minivet,species,,,
琉球山椒鳥,Pericrocotus tegimae,Ryukyu Minivet,species,,,
灰山椒鳥,Pericrocotus divaricatus,Ashy Minivet,species,1,,1
小灰山椒鳥,Pericrocotus cantonensis,Brown-rumped Minivet,species,,,
粉紅山椒鳥,Pericrocotus roseus,Rosy Minivet,species,,,
花翅山椒鳥,Coracina macei,Large Cuckooshrike,species,1,,1
黑原鵑鵙,Lalage nigra,Pied Triller,species,,,
黑翅山椒鳥,Lalage melaschistos,Black-winged Cuckooshrike,species,,,
綠畫眉,Erpornis zantholeuca,White-bellied Erpornis,species,1,,1
黃鸝,Oriolus chinensis,Black-naped Oriole,species,1,,1
朱鸝,Oriolus traillii,Maroon Oriole,species,1,endemic subspecies,1
白胸燕鵙,Artamus leucorynchus,White-breasted Woodswallow,species,,,
菲律賓扇尾鶲,Rhipidura nigritorquis,Philippine Pied-Fantail,species,,,
大卷尾,Dicrurus macrocercus,Black Drongo,species,1,endemic subspecies,1
灰卷尾,Dicrurus leucophaeus,Ashy Drongo,species,1,,
鴉嘴卷尾,Dicrurus annectens,Crow-billed Drongo,species,,,
小卷尾,Dicrurus aeneus,Bronzed Drongo,species,1,endemic subspecies,1
髮冠卷尾,Dicrurus hottentottus,Hair-crested Drongo,species,,,
黑枕藍鶲,Hypothymis azurea,Black-naped Monarch,species,1,endemic subspecies,1
紫綬帶,Terpsiphone atrocaudata,Japanese Paradise-Flycatcher,species,1,,
阿穆爾綬帶,Terpsiphone incei,Amur Paradise-Flycatcher,species,,,
虎紋伯勞,Lanius tigrinus,Tiger Shrike,species,,,
紅頭伯勞,Lanius bucephalus,Bull-headed Shrike,species,,,
紅背伯勞,Lanius collurio,Red-backed Shrike,species,,,
荒漠伯勞,Lanius isabellinus,Isabelline Shrike,species,,,
紅尾伯勞,Lanius cristatus,Brown Shrike,species,1,,1
栗背伯勞,Lanius collurioides,Burmese Shrike,species,,,
棕背伯勞,Lanius schach,Long-tailed Shrike,species,1,,1
灰背伯勞,Lanius tephronotus,Gray-backed Shrike,species,,,
西方灰伯勞,Lanius excubitor,Great Gray Shrike,species,,,
楔尾伯勞,Lanius sphenocercus,Chinese Gray Shrike,species,,,
松鴉,Garrulus glandarius,Eurasian Jay,species,1,endemic subspecies,1
灰喜鵲,Cyanopica cyanus,Azure-winged Magpie,species,,,
台灣藍鵲,Urocissa caerulea,Taiwan Blue-Magpie,species,1,endemic species,1
紅嘴藍鵲,Urocissa erythroryncha,Red-billed Blue-Magpie,species,,,
樹鵲,Dendrocitta formosae,Gray Treepie,species,1,endemic subspecies,1
喜鵲,Pica serica,Oriental Magpie,species,1,,1
西方喜鵲,Pica pica,Eurasian Magpie,species,,,
星鴉,Nucifraga caryocatactes,Eurasian Nutcracker,species,1,endemic subspecies,1
東方寒鴉,Corvus dauuricus,Daurian Jackdaw,species,,,
家烏鴉,Corvus splendens,House Crow,species,,,
禿鼻鴉,Corvus frugilegus,Rook,species,,,
小嘴烏鴉,Corvus corone,Carrion Crow,species,,,
巨嘴鴉,Corvus macrorhynchos,Large-billed Crow,species,1,,1
玉頸鴉,Corvus pectoralis,Collared Crow,species,,,
方尾鶲,Culicicapa ceylonensis,Gray-headed Canary-Flycatcher,species,,,
煤山雀,Periparus ater,Coal Tit,species,1,endemic subspecies,1
黃腹山雀,Periparus venustulus,Yellow-bellied Tit,species,,,
赤腹山雀,Sittiparus castaneoventris,Chestnut-bellied Tit,species,1,endemic species,1
雜色山雀,Sittiparus varius,Varied Tit,species,,,
青背山雀,Parus monticolus,Green-backed Tit,species,1,endemic subspecies,1
白頰山雀,Parus minor,Japanese Tit,species,,,
黃山雀,Machlolophus holsti,Taiwan Yellow Tit,species,1,endemic species,1
攀雀,Remiz consobrinus,Chinese Penduline-Tit,species,,,
大短趾百靈,Calandrella brachydactyla,Greater Short-toed Lark,species,,,
賽氏短趾百靈,Calandrella dukhunensis,Mongolian Short-toed Lark,species,,,
蒙古百靈,Melanocorypha mongolica,Mongolian Lark,species,,,
亞洲短趾百靈,Alaudala cheleensis,Asian Short-toed Lark,species,,,
歐亞雲雀,Alauda arvensis,Eurasian Skylark,species,,,
小雲雀,Alauda gulgula,Oriental Skylark,species,1,,1
斑紋鷦鶯,Prinia striata,Striped Prinia,species,1,endemic subspecies,1
灰頭鷦鶯,Prinia flaviventris,Yellow-bellied Prinia,species,1,,1
褐頭鷦鶯,Prinia inornata,Plain Prinia,species,1,endemic subspecies,1
棕扇尾鶯,Cisticola juncidis,Zitting Cisticola,species,1,,1
黃頭扇尾鶯,Cisticola exilis,Golden-headed Cisticola,species,1,endemic subspecies,1
厚嘴葦鶯,Arundinax aedon,Thick-billed Warbler,species,,,
靴籬鶯,Iduna caligata,Booted Warbler,species,,,
雙眉葦鶯,Acrocephalus bistrigiceps,Black-browed Reed Warbler,species,,,
細紋葦鶯,Acrocephalus sorghophilus,Streaked Reed Warbler,species,,,
稻田葦鶯,Acrocephalus agricola,Paddyfield Warbler,species,,,
鈍翅葦鶯,Acrocephalus concinens,Blunt-winged Warbler,species,,,
遠東葦鶯,Acrocephalus tangorum,Manchurian Reed Warbler,species,,,
布氏葦鶯,Acrocephalus dumetorum,Blyth's Reed Warbler,species,,,
東方大葦鶯,Acrocephalus orientalis,Oriental Reed Warbler,species,1,,1
蒼眉蝗鶯,Helopsaltes fasciolatus,Gray's Grasshopper Warbler,species,,,
庫頁島蝗鶯,Helopsaltes amnicola,Sakhalin Grasshopper Warbler,species,,,
小蝗鶯,Helopsaltes certhiola,Pallas's Grasshopper Warbler,species,,,
北蝗鶯,Helopsaltes ochotensis,Middendorff's Grasshopper Warbler,species,,,
史氏蝗鶯,Helopsaltes pleskei,Pleske's Grasshopper Warbler,species,,,
矛斑蝗鶯,Locustella lanceolata,Lanceolated Warbler,species,,,
台灣叢樹鶯,Locustella alishanensis,Taiwan Bush Warbler,species,1,endemic species,1
赤褐蝗鶯,Locustella mandelli,Russet Bush Warbler,species,,,
台灣鷦眉,Pnoepyga formosana,Taiwan Cupwing,species,1,endemic species,1
棕沙燕,Riparia chinensis,Gray-throated Martin,species,1,,1
灰沙燕,Riparia riparia,Bank Swallow,species,1,,1
淺灰沙燕,Riparia diluta,Pale Sand Martin,species,,,
家燕,Hirundo rustica,Barn Swallow,species,1,,1
洋燕,Hirundo tahitica,Pacific Swallow,species,1,,1
金腰燕,Cecropis daurica,Red-rumped Swallow,species,,,
赤腰燕,Cecropis striolata,Striated Swallow,species,1,,1
白腹毛腳燕,Delichon urbicum,Common House-Martin,species,,,
東方毛腳燕,Delichon dasypus,Asian House-Martin,species,1,,1
白環鸚嘴鵯,Spizixos semitorques,Collared Finchbill,species,1,endemic subspecies,1
烏頭翁,Pycnonotus taivanus,Styan's Bulbul,species,,endemic species,
紅耳鵯,Pycnonotus jocosus,Red-whiskered Bulbul,species,,,
白頭翁,Pycnonotus sinensis,Light-vented Bulbul,species,1,endemic subspecies,1
白喉紅臀鵯,Pycnonotus aurigaster,Sooty-headed Bulbul,species,,,
紅嘴黑鵯,Hypsipetes leucocephalus,Black Bulbul,species,1,endemic subspecies,1
棕耳鵯,Hypsipetes amaurotis,Brown-eared Bulbul,species,,endemic subspecies,
栗背短腳鵯,Hemixos castanonotus,Chestnut Bulbul,species,,,
林柳鶯,Phylloscopus sibilatrix,Wood Warbler,species,,,
黃眉柳鶯,Phylloscopus inornatus,Yellow-browed Warbler,species,1,,1
淡眉柳鶯,Phylloscopus humei,Hume's Warbler,species,,,
雲南柳鶯,Phylloscopus yunnanensis,Chinese Leaf Warbler,species,,,
黃腰柳鶯,Phylloscopus proregulus,Pallas's Leaf Warbler,species,1,,
巨嘴柳鶯,Phylloscopus schwarzi,Radde's Warbler,species,,,
棕眉柳鶯,Phylloscopus armandii,Yellow-streaked Warbler,species,,,
黃腹柳鶯,Phylloscopus affinis,Tickell's Leaf Warbler,species,,,
褐色柳鶯,Phylloscopus fuscatus,Dusky Warbler,species,1,,1
棕腹柳鶯,Phylloscopus subaffinis,Buff-throated Warbler,species,,,
歐亞柳鶯,Phylloscopus trochilus,Willow Warbler,species,,,
東方嘰咋柳鶯,Phylloscopus sindianus,Mountain Chiffchaff,species,,,
嘰喳柳鶯,Phylloscopus collybita,Common Chiffchaff,species,,,
冠羽柳鶯,Phylloscopus coronatus,Eastern Crowned Warbler,species,,,
飯島柳鶯,Phylloscopus ijimae,Ijima's Leaf Warbler,species,,,
白眶鶲鶯,Phylloscopus intermedius,White-spectacled Warbler,species,,,
比氏鶲鶯,Phylloscopus valentini,Bianchi's Warbler,species,,,
淡尾鶲鶯,Phylloscopus soror,Alström's Warbler,species,,,
暗綠柳鶯,Phylloscopus trochiloides,Greenish Warbler,species,,,
雙斑綠柳鶯,Phylloscopus plumbeitarsus,Two-barred Warbler,species,,,
淡腳柳鶯,Phylloscopus tenellipes,Pale-legged Leaf Warbler,species,,,
庫頁島柳鶯,Phylloscopus borealoides,Sakhalin Leaf Warbler,species,,,
日本柳鶯,Phylloscopus xanthodryas,Japanese Leaf Warbler,species,,,
極北柳鶯,Phylloscopus borealis,Arctic Warbler,species,1,,1
勘察加柳鶯,Phylloscopus examinandus,Kamchatka Leaf Warbler,species,,,
栗頭鶲鶯,Phylloscopus castaniceps,Chestnut-crowned Warbler,species,,,
黑眉柳鶯,Phylloscopus ricketti,Sulphur-breasted Warbler,species,,,
克氏冠紋柳鶯,Phylloscopus claudiae,Claudia's Leaf Warbler,species,,,
哈氏冠紋柳鶯,Phylloscopus goodsoni,Hartert's Leaf Warbler,species,,,
短尾鶯,Urosphena squameiceps,Asian Stubtail,species,1,,1
棕面鶯,Abroscopus albogularis,Rufous-faced Warbler,species,1,,1
日本樹鶯,Horornis diphone,Japanese Bush Warbler,species,1,,1
遠東樹鶯,Horornis canturians,Manchurian Bush Warbler,species,1,,1
小鶯,Horornis fortipes,Brownish-flanked Bush Warbler,species,1,endemic subspecies,1
深山鶯,Horornis acanthizoides,Yellowish-bellied Bush Warbler,species,1,endemic subspecies,1
紅頭山雀,Aegithalos concinnus,Black-throated Tit,species,1,,1
白喉林鶯,Curruca curruca,Lesser Whitethroat,species,,,
漠地林鶯,Curruca nana,Asian Desert Warbler,species,,,
褐頭花翼,Fulvetta formosana,Taiwan Fulvetta,species,1,endemic species,1
黃羽鸚嘴,Suthora verreauxi,Golden Parrotbill,species,1,endemic subspecies,1
粉紅鸚嘴,Sinosuthora webbiana,Vinous-throated Parrotbill,species,1,endemic subspecies,1
栗耳鳳眉,Staphida torqueola,Indochinese Yuhina,species,,,
冠羽畫眉,Yuhina brunneiceps,Taiwan Yuhina,species,1,endemic species,1
紅?繡眼,Zosterops erythropleurus,Chestnut-flanked White-eye,species,,,
斯氏繡眼,Zosterops simplex,Swinhoe's White-eye,species,1,,1
日菲繡眼,Zosterops japonicus,Warbling White-eye,species,,,
印度繡眼,Zosterops palpebrosus,Indian White-eye,species,,,
低地繡眼,Zosterops meyeni,Lowland White-eye,species,,,
山紅頭,Cyanoderma ruficeps,Rufous-capped Babbler,species,1,endemic subspecies,1
小彎嘴,Pomatorhinus musicus,Taiwan Scimitar-Babbler,species,1,endemic species,1
大彎嘴,Erythrogenys erythrocnemis,Black-necklaced Scimitar-Babbler,species,1,endemic species,1
頭烏線,Schoeniparus brunneus,Dusky Fulvetta,species,1,endemic subspecies,1
繡眼畫眉,Alcippe morrisonia,Morrison's Fulvetta,species,1,endemic species,1
台灣噪眉,Trochalopteron morrisonianum,White-whiskered Laughingthrush,species,1,endemic species,1
白耳畫眉,Heterophasia auricularis,White-eared Sibia,species,1,endemic species,1
紋翼畫眉,Actinodura morrisoniana,Taiwan Barwing,species,1,endemic species,1
紅嘴相思鳥,Leiothrix lutea,Red-billed Leiothrix,species,,,
黃胸藪眉,Liocichla steerii,Steere's Liocichla,species,1,endemic species,1
大陸畫眉,Garrulax canorus,Chinese Hwamei,species,1,,1
台灣畫眉,Garrulax taewanus,Taiwan Hwamei,species,1,endemic species,1
黑喉噪眉,Pterorhinus chinensis,Black-throated Laughingthrush,species,,,
白頰噪眉,Pterorhinus sannio,White-browed Laughingthrush,species,,,
黑臉噪眉,Pterorhinus perspicillatus,Masked Laughingthrush,species,,,
台灣白喉噪眉,Pterorhinus ruficeps,Rufous-crowned Laughingthrush,species,1,endemic species,1
棕噪眉,Pterorhinus poecilorhynchus,Rusty Laughingthrush,species,1,endemic species,1
戴菊鳥,Regulus regulus,Goldcrest,species,,,
火冠戴菊鳥,Regulus goodfellowi,Flamecrest,species,1,endemic species,1
茶腹?,Sitta europaea,Eurasian Nuthatch,species,1,endemic subspecies,1
鷦鷯,Troglodytes troglodytes,Eurasian Wren,species,1,endemic subspecies,1
河烏,Cinclus pallasii,Brown Dipper,species,1,,1
輝椋鳥,Aplonis panayensis,Asian Glossy Starling,species,1,,1
九官鳥,Gracula religiosa,Common Hill Myna,species,,,
歐洲椋鳥,Sturnus vulgaris,European Starling,species,,,
粉紅椋鳥,Pastor roseus,Rosy Starling,species,,,
北椋鳥,Agropsar sturninus,Daurian Starling,species,,,
小椋鳥,Agropsar philippensis,Chestnut-cheeked Starling,species,,,
黑領椋鳥,Gracupica nigricollis,Black-collared Starling,species,1,,1
斑椋鳥,Gracupica contra,Asian Pied Starling,species,,,
灰背椋鳥,Sturnia sinensis,White-shouldered Starling,species,,,
黑冠椋鳥,Sturnia pagodarum,Brahminy Starling,species,,,
灰頭椋鳥,Sturnia malabarica,Chestnut-tailed Starling,species,1,,
絲光椋鳥,Spodiopsar sericeus,Red-billed Starling,species,,,
灰椋鳥,Spodiopsar cineraceus,White-cheeked Starling,species,,,
家八哥,Acridotheres tristis,Common Myna,species,1,,1
岸八哥,Acridotheres ginginianus,Bank Myna,species,,,
葡萄胸椋鳥,Acridotheres burmannicus,Vinous-breasted Starling,species,,,
林八哥,Acridotheres fuscus,Jungle Myna,species,,,
白尾八哥,Acridotheres javanicus,Javan Myna,species,1,,1
大八哥(叢八哥),Acridotheres grandis,Great Myna,species,,,
八哥(冠八哥),Acridotheres cristatellus,Crested Myna,species,1,endemic subspecies,1
長尾麗椋鳥,Lamprotornis caudatus,Long-tailed Glossy Starling,species,,,
栗頭麗椋鳥,Lamprotornis superbus,Superb Starling,species,,,
白氏地鶇,Zoothera aurea,White's Thrush,species,1,,1
虎斑地鶇,Zoothera dauma,Scaly Thrush,species,1,,1
白眉地鶇,Geokichla sibirica,Siberian Thrush,species,,,
橙頭地鶇,Geokichla citrina,Orange-headed Thrush,species,,,
寶興歌鶇,Otocichla mupinensis,Chinese Thrush,species,1,,
歐亞黑鶇,Turdus merula,Eurasian Blackbird,species,,,
中國黑鶇,Turdus mandarinus,Chinese Blackbird,species,,,
白頭鶇,Turdus niveiceps,Taiwan Thrush,species,1,endemic species,1
烏灰鶇,Turdus cardis,Japanese Thrush,species,,,
灰背鶇,Turdus hortulorum,Gray-backed Thrush,species,1,,
褐頭鶇,Turdus feae,Gray-sided Thrush,species,,,
白眉鶇,Turdus obscurus,Eyebrowed Thrush,species,1,,1
赤腹鶇,Turdus chrysolaus,Brown-headed Thrush,species,1,,1
白腹鶇,Turdus pallidus,Pale Thrush,species,1,,1
黑頸鶇,Turdus atrogularis,Black-throated Thrush,species,,,
赤頸鶇,Turdus ruficollis,Red-throated Thrush,species,1,,
斑點鶇,Turdus eunomus,Dusky Thrush,species,1,,
紅尾鶇,Turdus naumanni,Naumann's Thrush,species,1,,1
灰斑鶲,Muscicapa griseisticta,Gray-streaked Flycatcher,species,1,,1
烏鶲,Muscicapa sibirica,Dark-sided Flycatcher,species,1,,
紅尾鶲,Muscicapa ferruginea,Ferruginous Flycatcher,species,1,,1
寬嘴鶲,Muscicapa dauurica,Asian Brown Flycatcher,species,1,,1
褐胸鶲,Muscicapa muttui,Brown-breasted Flycatcher,species,,,
斑鶲,Muscicapa striata,Spotted Flycatcher,species,,,
鵲鴝,Copsychus saularis,Oriental Magpie-Robin,species,1,,1
白腰鵲鴝,Copsychus malabaricus,White-rumped Shama,species,1,,1
海南藍仙鶲,Cyornis hainanus,Hainan Blue Flycatcher,species,,,
中華藍仙鶲,Cyornis glaucicomans,Chinese Blue Flycatcher,species,,,
山藍仙鶲,Cyornis whitei,Hill Blue Flycatcher,species,,,
白喉林鶲,Cyornis brunneatus,Brown-chested Jungle-Flycatcher,species,,,
棕腹大仙鶲,Niltava davidi,Fujian Niltava,species,,,
棕腹仙鶲,Niltava sundara,Rufous-bellied Niltava,species,,,
黃腹琉璃,Niltava vivida,Vivid Niltava,species,1,endemic subspecies,1
白腹琉璃,Cyanoptila cyanomelana,Blue-and-white Flycatcher,species,1,,
琉璃藍鶲,Cyanoptila cumatilis,Zappey's Flycatcher,species,,,
銅藍鶲,Eumyias thalassinus,Verditer Flycatcher,species,1,,
白喉短翅鶇,Brachypteryx leucophris,Lesser Shortwing,species,,,
小翼鶇,Brachypteryx goodfellowi,Taiwan Shortwing,species,1,endemic species,1
紅尾歌鴝,Larvivora sibilans,Rufous-tailed Robin,species,,,
日本歌鴝,Larvivora akahige,Japanese Robin,species,1,,
琉球歌鴝,Larvivora komadori,Ryukyu Robin,species,,,
藍歌鴝,Larvivora cyane,Siberian Blue Robin,species,,,
藍喉鴝,Luscinia svecica,Bluethroat,species,,,
台灣紫嘯鶇,Myophonus insularis,Taiwan Whistling-Thrush,species,1,endemic species,1
白斑紫嘯鶇,Myophonus caeruleus,Blue Whistling-Thrush,species,,,
小剪尾,Enicurus scouleri,Little Forktail,species,1,endemic subspecies,1
野鴝,Calliope calliope,Siberian Rubythroat,species,1,,1
白尾鴝,Myiomela leucura,White-tailed Robin,species,1,endemic subspecies,1
藍尾鴝,Tarsiger cyanurus,Red-flanked Bluetail,species,1,,1
白眉林鴝,Tarsiger indicus,White-browed Bush-Robin,species,1,endemic subspecies,1
栗背林鴝,Tarsiger johnstoniae,Collared Bush-Robin,species,1,endemic species,1
白眉鶲,Ficedula zanthopygia,Yellow-rumped Flycatcher,species,,,
?背姬鶲,Ficedula elisae,Green-backed Flycatcher,species,,,
黃眉黃鶲,Ficedula narcissina,Narcissus Flycatcher,species,1,,
琉球姬鶲,Ficedula owstoni,Ryuku Flycatcher,species,,,
白眉黃鶲,Ficedula mugimaki,Mugimaki Flycatcher,species,1,,
銹胸藍姬鶲,Ficedula erithacus,Slaty-backed Flycatcher,species,,,
黃胸青鶲,Ficedula hyperythra,Snowy-browed Flycatcher,species,1,endemic subspecies,1
橙胸姬鶲,Ficedula strophiata,Rufous-gorgeted Flycatcher,species,,,
紅喉鶲,Ficedula albicilla,Taiga Flycatcher,species,1,,1
紅胸鶲,Ficedula parva,Red-breasted Flycatcher,species,,,
藍額紅尾鴝,Phoenicurus frontalis,Blue-fronted Redstart,species,,,
鉛色水鶇,Phoenicurus fuliginosus,Plumbeous Redstart,species,1,endemic subspecies,1
白頂溪鴝,Phoenicurus leucocephalus,White-capped Redstart,species,,,
赭紅尾鴝,Phoenicurus ochruros,Black Redstart,species,,,
黃尾鴝,Phoenicurus auroreus,Daurian Redstart,species,1,,1
白喉磯鶇,Monticola gularis,White-throated Rock-Thrush,species,,,
藍磯鶇,Monticola solitarius,Blue Rock-Thrush,species,1,,1
黑喉鴝,Saxicola stejnegeri,Amur Stonechat,species,,,
白斑黑石?,Saxicola caprata,Pied Bushchat,species,,,
灰叢鴝,Saxicola ferreus,Gray Bushchat,species,,,
穗?,Oenanthe oenanthe,Northern Wheatear,species,,,
沙?,Oenanthe isabellina,Isabelline Wheatear,species,,,
漠?,Oenanthe deserti,Desert Wheatear,species,,,
白頂?,Oenanthe pleschanka,Pied Wheatear,species,,,
黃連雀,Bombycilla garrulus,Bohemian Waxwing,species,1,,
朱連雀,Bombycilla japonica,Japanese Waxwing,species,1,,
綠啄花,Dicaeum minullum,Plain Flowerpecker,species,1,endemic subspecies,1
紅胸啄花,Dicaeum ignipectus,Fire-breasted Flowerpecker,species,1,endemic subspecies,1
黃腹花蜜鳥,Cinnyris jugularis,Olive-backed Sunbird,species,,,
藍喉太陽鳥,Aethopyga gouldiae,Mrs. Gould's Sunbird,species,,,
叉尾太陽鳥,Aethopyga christinae,Fork-tailed Sunbird,species,1,,
藍翅葉鵯,Chloropsis cochinchinensis,Blue-winged Leafbird,species,,,
金額葉鵯,Chloropsis aurifrons,Golden-fronted Leafbird,species,,,
橙腹葉鵯,Chloropsis hardwickii,Orange-bellied Leafbird,species,,,
非洲金織雀,Ploceus subaureus,African Golden-Weaver,species,,,
黑頭織雀,Ploceus cucullatus,Village Weaver,species,,,
白喉文鳥,Euodice malabarica,Indian Silverbill,species,,,
爪哇雀,Padda oryzivora,Java Sparrow,species,,,
斑文鳥,Lonchura punctulata,Scaly-breasted Munia,species,1,,1
白腰文鳥,Lonchura striata,White-rumped Munia,species,1,,1
黑頭文鳥,Lonchura atricapilla,Chestnut Munia,species,1,,1
白頭文鳥,Lonchura maja,White-headed Munia,species,,,
橙頰梅花雀,Estrilda melpoda,Orange-cheeked Waxbill,species,,,
橫斑梅花雀,Estrilda astrild,Common Waxbill,species,,,
紅梅花雀,Amandava amandava,Red Avadavat,species,,,
針尾維達雀,Vidua macroura,Pin-tailed Whydah,species,,,
岩鷚,Prunella collaris,Alpine Accentor,species,1,endemic subspecies,1
棕眉山岩鷚,Prunella montanella,Siberian Accentor,species,,,
家麻雀,Passer domesticus,House Sparrow,species,,,
山麻雀,Passer cinnamomeus,Russet Sparrow,species,,,
麻雀,Passer montanus,Eurasian Tree Sparrow,species,1,,1
山鶺鴒,Dendronanthus indicus,Forest Wagtail,species,,,
灰鶺鴒,Motacilla cinerea,Gray Wagtail,species,1,,1
西方黃鶺鴒,Motacilla flava,Western Yellow Wagtail,species,,,
東方黃鶺鴒,Motacilla tschutschensis,Eastern Yellow Wagtail,species,1,,1
黃頭鶺鴒,Motacilla citreola,Citrine Wagtail,species,,,
日本鶺鴒,Motacilla grandis,Japanese Wagtail,species,,,
白鶺鴒,Motacilla alba,White Wagtail,species,1,,1
大花鷚,Anthus richardi,Richard's Pipit,species,,,
稻田鷚,Anthus rufulus,Paddyfield Pipit,species,,,
布萊氏鷚,Anthus godlewskii,Blyth's Pipit,species,,,
草地鷚,Anthus pratensis,Meadow Pipit,species,,,
粉紅胸鷚,Anthus roseatus,Rosy Pipit,species,,,
林鷚,Anthus trivialis,Tree Pipit,species,,,
樹鷚,Anthus hodgsoni,Olive-backed Pipit,species,1,,1
白背鷚,Anthus gustavi,Pechora Pipit,species,,,
赤喉鷚,Anthus cervinus,Red-throated Pipit,species,,,
水鷚,Anthus spinoletta,Water Pipit,species,,,
黃腹鷚,Anthus rubescens,American Pipit,species,,,
花雀,Fringilla montifringilla,Brambling,species,1,,1
臘嘴雀,Coccothraustes coccothraustes,Hawfinch,species,,,
小桑鳲,Eophona migratoria,Yellow-billed Grosbeak,species,,,
桑鳲,Eophona personata,Japanese Grosbeak,species,,,
普通朱雀,Carpodacus erythrinus,Common Rosefinch,species,,,
酒紅朱雀,Carpodacus vinaceus,Vinaceous Rosefinch,species,,,
台灣朱雀,Carpodacus formosanus,Taiwan Rosefinch,species,1,endemic species,1
北朱雀,Carpodacus roseus,Pallas's Rosefinch,species,,,
褐鷽,Pyrrhula nipalensis,Brown Bullfinch,species,1,endemic subspecies,1
灰鷽,Pyrrhula owstoni,Taiwan Bullfinch,species,1,endemic species,1
歐亞鷽,Pyrrhula pyrrhula,Eurasian Bullfinch,species,,,
金翅雀,Chloris sinica,Oriental Greenfinch,species,,,
黃額絲雀,Crithagra mozambica,Yellow-fronted Canary,species,,,
赤胸朱頂雀,Linaria cannabina,Eurasian Linnet,species,,,
普通朱頂雀,Acanthis flammea,Common Redpoll,species,,,
紅交嘴雀,Loxia curvirostra,Red Crossbill,species,,,
黃雀,Spinus spinus,Eurasian Siskin,species,1,,1
鐵爪鵐,Calcarius lapponicus,Lapland Longspur,species,,,
雪鵐,Plectrophenax nivalis,Snow Bunting,species,,,
冠鵐,Emberiza lathami,Crested Bunting,species,,,
黑頭鵐,Emberiza melanocephala,Black-headed Bunting,species,,,
褐頭鵐,Emberiza bruniceps,Red-headed Bunting,species,,,
赤胸鵐,Emberiza fucata,Chestnut-eared Bunting,species,,,
草鵐,Emberiza cioides,Meadow Bunting,species,,,
白頂鵐,Emberiza stewarti,White-capped Bunting,species,,,
白頭鵐,Emberiza leucocephalos,Pine Bunting,species,,,
黃喉鵐,Emberiza elegans,Yellow-throated Bunting,species,1,,
紅頸葦鵐,Emberiza yessoensis,Ochre-rumped Bunting,species,,,
葦鵐,Emberiza pallasi,Pallas's Bunting,species,,,
蘆鵐,Emberiza schoeniclus,Reed Bunting,species,,,
金鵐,Emberiza aureola,Yellow-breasted Bunting,species,,,
小鵐,Emberiza pusilla,Little Bunting,species,,,
田鵐,Emberiza rustica,Rustic Bunting,species,,,
野鵐,Emberiza sulphurata,Yellow Bunting,species,,,
黑臉鵐,Emberiza spodocephala,Black-faced Bunting,species,1,,1
鏽鵐,Emberiza rutila,Chestnut Bunting,species,1,,
黃眉鵐,Emberiza chrysophrys,Yellow-browed Bunting,species,,,
白眉鵐,Emberiza tristrami,Tristram's Bunting,species,,,
灰鵐,Emberiza variabilis,Gray Bunting,species,,,
稀樹草鵐,Passerculus sandwichensis,Savannah Sparrow,species,,,
紅冠唐納雀,Paroaria coronata,Red-crested Cardinal,species,,,
雁屬,Anser sp.,,spuh,,,
雁類,Anser/Branta sp.,,spuh,,,
天鵝屬,Cygnus sp.,,spuh,,,
鴨屬,Anas sp.,,spuh,,,
雁鴨科(小型水鴨類),Anatidae sp. (teal sp.),,spuh,,,
雁鴨科(浮水鴨類),Anatidae sp. (dabbling duck sp.),,spuh,,,
潛鴨屬,Aythya sp.,,spuh,,,
秋沙類,Mergellus/Lophodytes/Mergus sp.,,spuh,,,
鴨類(鴨亞科),Anatinae sp.,,spuh,,,
雁鴨類(雁鴨科),Anatidae sp.,,spuh,,,
雉類(雉亞科),Phasianidae sp. (pheasant sp.),,spuh,,,
鸊鷉屬,Podiceps sp.,,spuh,,,
鸊鷉科,Podicipedidae sp.,,spuh,,,
鴿屬,Columba sp.,,spuh,,,
斑鳩屬,Streptopelia sp.,,spuh,,,
綠鳩屬,Treron sp.,,spuh,,,
鳩鴿科,Columbidae sp.,,spuh,,,
鴉鵑屬,Centropus sp.,,spuh,,,
鷹鵑屬,Hierococcyx sp.,,spuh,,,
杜鵑屬,Cuculus sp.,,spuh,,,
杜鵑科,Cuculidae sp.,,spuh,,,
夜鷹屬,Caprimulgus sp.,,spuh,,,
夜鷹科,Caprimulgidae sp.,,spuh,,,
針尾雨燕屬,Hirundapus sp.,,spuh,,,
暗色金絲燕類,Aerodramus sp.,,spuh,,,
金絲燕類,Collocalia/Aerodramus sp.,,spuh,,,
叉尾雨燕複合群,Apus pacificus/salimalii/leuconyx/cooki,,spuh,,,
雨燕屬,Apus sp.,,spuh,,,
雨燕科(大型),Apodidae sp. (large swift sp.),,spuh,,,
雨燕科(小型),Apodidae sp. (small swift sp.),,spuh,,,
雨燕科,Apodidae sp.,,spuh,,,
紫水雞類,Porphyrio sp. (swamphen sp.),,spuh,,,
水雞類,Gallinula/Fulica/Porphyrio sp.,,spuh,,,
秧雞屬,Rallina sp.,,spuh,,,
秧雞科,Rallidae sp. (rail/crake sp.),,spuh,,,
鶴科,Gruidae sp.,,spuh,,,
灰/金斑鴴類,Pluvialis sp.,,spuh,,,
小型鴴類,Charadrius sp.,,spuh,,,
鴴科,Charadriidae sp.,,spuh,,,
杓鷸屬,Numenius sp.,,spuh,,,
塍鷸屬,Limosa sp.,,spuh,,,
濱鷸屬,Calidris sp.,,spuh,,,
田鷸屬,Gallinago sp.,,spuh,,,
瓣足鷸屬,Phalaropus sp.,,spuh,,,
鷸屬,Tringa sp.,,spuh,,,
鷸科,Scolopacidae sp.,,spuh,,,
鷸科(大型),Scolopacidae sp. (large shorebird sp.),,spuh,,,
三趾鶉屬,Turnix sp.,,spuh,,,
?形目,Charadriiformes sp.,,spuh,,,
中/短尾/長尾賊鷗,Stercorarius sp. (jaeger sp.),,spuh,,,
賊鷗類,Stercorarius sp.,,spuh,,,
小型海雀類,Brachyramphus/Synthliboramphus sp.,,spuh,,,
大鷗(白翅),Larus sp. (white-winged gull sp.),,spuh,,,
大鷗類,Larus sp.,,spuh,,,
鷗屬,Larinae sp.,,spuh,,,
浮鷗屬,Chlidonias sp.,,spuh,,,
燕鷗屬,Sterna sp.,,spuh,,,
鳳頭燕鷗屬,Thalasseus sp.,,spuh,,,
大型燕鷗類,Hydroprogne/Thalasseus sp.,,spuh,,,
燕鷗亞科,Sterninae sp.,,spuh,,,
鷗或燕鷗類(鷗科),Laridae sp.,,spuh,,,
熱帶鳥類,Phaethon sp.,,spuh,,,
潛鳥屬,Gavia sp.,,spuh,,,
信天翁類,Diomedeidae sp.,,spuh,,,
海燕屬,Hydrobates sp.,,spuh,,,
海燕類(暗腰),Oceanitidae/Hydrobatidae sp. (dark-rumped),,spuh,,,
海燕類(白腰),Oceanitidae/Hydrobatidae sp. (white-rumped),,spuh,,,
海燕類,Oceanitidae/Hydrobatidae sp.,,spuh,,,
黑白水薙鳥類,Puffinus sp. (black-and-white shearwater sp.),,spuh,,,
水薙鳥類,Procellariidae sp. (shearwater sp.),,spuh,,,
?科,Procellariidae sp.,,spuh,,,
軍艦鳥類,Fregata sp.,,spuh,,,
鰹鳥類,Sula sp.,,spuh,,,
鸕鷀類,Phalacrocoracidae sp.,,spuh,,,
葦鷺屬,Ixobrychus sp.,,spuh,,,
白鷺類,Ardea/Egretta/Bubulcus sp.,,spuh,,,
鷺科,Ardeidae sp.,,spuh,,,
䴉科,Threskiornithidae sp. (ibis sp.),,spuh,,,
琵鷺屬,Platalea sp.,,spuh,,,
鵰屬,Aquila sp.,,spuh,,,
花鵰屬/鵰屬,Clanga/Aquila sp.,,spuh,,,
澤鵟屬,Circus sp.,,spuh,,,
雀鷹屬,Accipiter sp.,,spuh,,,
鵟屬,Buteo sp.,,spuh,,,
鵟屬/鵰類,Buteo/eagle sp.,,spuh,,,
鷹科(鷹類),Accipitridae sp. (hawk sp.),,spuh,,,
鷹科(鵰類),Accipitridae sp. (eagle sp.),,spuh,,,
角鴞屬,Otus sp.,,spuh,,,
鴟鴞類,Strigiformes sp.,,spuh,,,
綠啄木屬,Picus sp.,,spuh,,,
啄木鳥科,Picidae sp.,,spuh,,,
大型隼,Falco sp. (large falcon sp.),,spuh,,,
小型隼,Falco sp. (small falcon sp.),,spuh,,,
隼屬,Falco sp.,,spuh,,,
日行性猛禽類,Accipitriformes/Falconiformes sp.,,spuh,,,
鳳頭鸚鵡屬,Cacatua sp.,,spuh,,,
彩虹吸蜜鸚鵡複合群,Trichoglossus sp. (rainbow lorikeet complex),,spuh,,,
小型鸚鵡類,Psittaciformes sp. (parakeet sp.),,spuh,,,
大型鸚鵡類,Psittaciformes sp. (parrot sp.),,spuh,,,
紅黃色系山椒鳥類,Pericrocotus sp. (red minivet sp.),,spuh,,,
灰色系山椒鳥類,Pericrocotus sp. (grey minivet sp.),,spuh,,,
山椒鳥屬,Pericrocotus sp.,,spuh,,,
卷尾屬,Dicrurus sp.,,spuh,,,
綬帶屬,Terpsiphone sp.,,spuh,,,
伯勞屬,Lanius sp.,,spuh,,,
鴉屬,Corvus sp. (crow sp.),,spuh,,,
鴉屬(烏鴉/渡鴉),Corvus sp.,,spuh,,,
Poecile屬,Poecile sp.,,spuh,,,
Calandrella屬,Calandrella sp.,,spuh,,,
Alaudala屬,Alaudala sp.,,spuh,,,
短趾百靈類(Calandrella/Alaudala),Calandrella/Alaudala sp.,,spuh,,,
百靈科,Alaudidae sp.,,spuh,,,
鷦鶯屬,Prinia sp.,,spuh,,,
扇尾鶯屬,Cisticola sp.,,spuh,,,
葦鶯屬,Acrocephalus sp.,,spuh,,,
Helopsaltes屬,Helopsaltes sp.,,spuh,,,
蝗鶯屬,Locustella sp.,,spuh,,,
Helopsaltes/蝗鶯屬,Helopsaltes/Locustella sp.,,spuh,,,
沙燕屬,Riparia sp.,,spuh,,,
燕科,Hirundinidae sp.,,spuh,,,
鵯屬,Pycnonotus sp.,,spuh,,,
金眶鶲鶯複合群,Phylloscopus sp. (burkii complex),,spuh,,,
柳鶯屬,Phylloscopus sp.,,spuh,,,
樹鶯屬,Horornis sp.,,spuh,,,
鶯屬/林鶯屬,Sylvia/Curruca sp.,,spuh,,,
繡眼屬,Zosterops sp.,,spuh,,,
Garrulax屬,Garrulax sp.,,spuh,,,
Ianthocincla/Pterorhinus屬,Ianthocincla/Pterorhinus sp.,,spuh,,,
噪眉類,Leiothrichidae sp. (laughingthrush sp.),,spuh,,,
八哥屬(黑八哥類),Acridotheres sp. (black myna sp.),,spuh,,,
八哥屬,Acridotheres sp.,,spuh,,,
椋鳥科,Sturnidae sp.,,spuh,,,
鶇屬,Turdus sp.,,spuh,,,
鶇科,Turdidae sp.,,spuh,,,
鶲屬,Muscicapa sp.,,spuh,,,
仙鶲屬,Niltava sp.,,spuh,,,
紫嘯鶇屬,Myophonus sp.,,spuh,,,
姬鶲屬,Ficedula sp.,,spuh,,,
?屬,Oenanthe sp.,,spuh,,,
鶲科,Muscicapidae sp.,,spuh,,,
啄花屬,Dicaeum sp.,,spuh,,,
文鳥屬,Lonchura sp.,,spuh,,,
麻雀屬,Passer sp.,,spuh,,,
鶺鴒屬,Motacilla sp.,,spuh,,,
鷚屬,Anthus sp.,,spuh,,,
雀科,Fringillidae sp.,,spuh,,,
鵐屬,Emberiza sp.,,spuh,,,
雀形目,Passeriformes sp.,,spuh,,,
鳥類,Aves sp.,,spuh,,,
